Step	Time	I	E	T
3	0.0	-2.9980083	2.6871982	29.0
3	0.1	-2.9980083	2.6871982	29.0
3	0.2	-2.9982052	2.6811411	29.0
3	0.3	-2.9986753	2.679787	29.0
3	0.4	-2.9989414	2.6752715	29.0
3	0.5	-2.9991019	2.6718135	29.0
3	0.6	-2.9992058	2.6690142	29.0
3	0.7	-2.9992793	2.6665964	29.0
3	0.8	-2.9993339	2.6645346	29.0
3	0.9	-2.9993787	2.6626658	29.0
3	1.0	-2.9994173	2.6609676	29.0
3	1.1	-2.9994493	2.6594393	29.0
3	1.2	-2.9994748	2.6580355	29.0
3	1.3	-2.9994957	2.6566546	29.0
3	1.4	-2.9995146	2.6554477	29.0
3	1.5	-2.9995291	2.654228	29.0
3	1.6	-2.999543	2.6531608	29.0
3	1.7	-2.999556	2.652086	29.0
3	1.8	-2.9995685	2.6511133	29.0
3	1.9	-2.9995792	2.6501276	29.0
3	2.0	-2.9995894	2.6491861	29.0
3	2.1	-2.999599	2.6482923	29.0
3	2.2	-2.9996085	2.6474092	29.0
3	2.3	-2.999617	2.6465914	29.0
3	2.4	-2.999625	2.6457772	29.0
3	2.5	-2.9996324	2.6449656	29.0
3	2.6	-2.999639	2.6442235	29.0
3	2.7	-2.9996462	2.6435025	29.0
3	2.8	-2.9996526	2.6427205	29.0
3	2.9	-2.999659	2.6419697	29.0
3	3.0	-2.9996657	2.6413152	29.0
3	3.1	-2.9996715	2.6406066	29.0
3	3.2	-2.999676	2.639942	29.0
3	3.3	-2.9996824	2.6392813	29.0
3	3.4	-2.999689	2.6386442	29.0
3	3.5	-2.9996948	2.6380005	29.0
3	3.6	-2.999699	2.637331	29.0
3	3.7	-2.9997044	2.636712	29.0
3	3.8	-2.9997098	2.6360981	29.0
3	3.9	-2.9997158	2.6354895	29.0
3	4.0	-2.999721	2.6348853	28.8
3	4.1	-2.999726	2.6343205	28.8
3	4.2	-2.9997296	2.6337142	28.8
3	4.3	-2.9997334	2.63312	28.8
3	4.4	-2.9997377	2.6325557	28.8
3	4.5	-2.999742	2.631959	29.0
3	4.6	-2.9997456	2.6313903	29.0
3	4.7	-2.9997494	2.6308255	29.0
3	4.8	-2.999753	2.630298	29.0
3	4.9	-2.9997551	2.6297688	29.0
3	5.0	-2.999758	2.6292105	29.0
3	5.1	-2.9997616	2.628678	29.0
3	5.2	-2.9997647	2.62815	29.0
3	5.3	-2.9997675	2.6276083	29.0
3	5.4	-2.9997709	2.6271296	29.0
3	5.5	-2.999774	2.6265461	29.0
3	5.6	-2.9997761	2.6261199	29.0
3	5.7	-2.99978	2.625555	29.0
3	5.8	-2.9997828	2.6250803	29.0
3	5.9	-2.999785	2.6245718	29.0
3	6.0	-2.999787	2.624068	29.0
3	6.1	-2.9997885	2.6235745	29.0
3	6.2	-2.9997916	2.623113	29.0
3	6.3	-2.999796	2.6226358	28.8
3	6.4	-2.9997995	2.622177	28.8
3	6.5	-2.999801	2.621642	28.8
3	6.6	-2.999803	2.6212487	28.8
3	6.7	-2.999806	2.620726	28.8
3	6.8	-2.9998105	2.620292	28.8
3	6.9	-2.9998116	2.6198153	28.8
3	7.0	-2.9998133	2.619343	28.8
3	7.1	-2.999817	2.618895	28.8
3	7.2	-2.9998183	2.618462	29.0
3	7.3	-2.999819	2.6180413	29.0
3	7.4	-2.9998205	2.6175787	29.0
3	7.5	-2.9998221	2.6171474	29.0
3	7.6	-2.9998221	2.616717	29.0
3	7.7	-2.9998221	2.6162877	29.0
3	7.8	-2.9998212	2.615897	29.0
3	7.9	-2.9998212	2.6154528	29.0
3	8.0	-2.9998226	2.6150572	29.0
3	8.1	-2.9998226	2.6146278	29.0
3	8.2	-2.999824	2.6142015	29.0
3	8.3	-2.9998257	2.6137931	29.0
3	8.4	-2.9998257	2.6134136	29.0
3	8.5	-2.999825	2.6130211	29.0
3	8.6	-2.999825	2.6126094	29.0
3	8.7	-2.999825	2.612177	29.0
3	8.8	-2.999825	2.6118586	29.0
3	8.9	-2.999824	2.6114357	29.0
3	9.0	-2.9998226	2.611067	29.0
3	9.1	-2.9998233	2.6106825	29.0
3	9.2	-2.9998212	2.6102896	28.8
3	9.3	-2.999819	2.6099436	28.8
3	9.4	-2.9998183	2.6095698	28.8
3	9.5	-2.9998183	2.6092215	28.8
3	9.6	-2.999819	2.6088383	29.0
3	9.7	-2.9998198	2.6084821	29.0
3	9.8	-2.9998198	2.6081505	29.0
3	9.9	-2.9998183	2.607775	29.0
3	10.0	-2.999817	2.6074219	29.0
3	10.1	-2.9998162	2.607101	29.0
3	10.2	-2.9998155	2.6067317	28.8
3	10.3	-2.9998155	2.606384	28.8
3	10.4	-2.9998162	2.606062	29.0
3	10.5	-2.9998162	2.6057463	29.0
3	10.6	-2.9998147	2.6054091	29.0
3	10.7	-2.9998147	2.6050568	29.0
3	10.8	-2.999814	2.604734	29.0
3	10.9	-2.9998133	2.6044302	29.0
3	11.0	-2.9998133	2.6040983	29.0
3	11.1	-2.9998126	2.6037676	29.0
3	11.2	-2.9998112	2.6034436	29.0
3	11.3	-2.9998097	2.6031282	29.0
3	11.4	-2.999808	2.60281	29.0
3	11.5	-2.9998074	2.602499	29.0
3	11.6	-2.9998066	2.6021914	29.0
3	11.7	-2.9998045	2.6018536	29.0
3	11.8	-2.9998019	2.6015818	29.0
3	11.9	-2.999798	2.6012816	29.0
3	12.0	-2.9997952	2.6009715	29.0
3	12.1	-2.9997928	2.6006455	29.0
3	12.2	-2.9997928	2.6003957	29.0
3	12.3	-2.9997928	2.6000795	29.0
3	12.4	-2.9997907	2.5998287	29.0
3	12.5	-2.9997885	2.5995152	29.0
3	12.6	-2.9997864	2.599223	29.0
3	12.7	-2.999785	2.5989418	29.0
3	12.8	-2.9997835	2.5986795	29.0
3	12.9	-2.999782	2.5983684	29.0
3	13.0	-2.9997811	2.5980587	29.0
3	13.1	-2.9997811	2.5978022	29.0
3	13.2	-2.999782	2.5975525	29.0
3	13.3	-2.9997811	2.5972402	29.0
3	13.4	-2.9997807	2.5969703	29.0
3	13.5	-2.9997807	2.596704	29.0
3	13.6	-2.9997807	2.5964408	29.0
3	13.7	-2.9997807	2.5961492	29.0
3	13.8	-2.99978	2.5958955	29.0
3	13.9	-2.9997807	2.5956368	29.0
3	14.0	-2.9997811	2.5953348	29.0
3	14.1	-2.9997807	2.5950756	29.0
3	14.2	-2.99978	2.594837	29.0
3	14.3	-2.99978	2.5945754	29.0
3	14.4	-2.9997811	2.5943303	29.0
3	14.5	-2.9997811	2.5940669	29.0
3	14.6	-2.9997807	2.5938144	29.0
3	14.7	-2.9997783	2.5935655	29.0
3	14.8	-2.9997776	2.593314	29.0
3	14.9	-2.9997783	2.5930278	29.0
3	15.0	-2.9997792	2.5928166	29.0
3	15.1	-2.9997792	2.5925615	29.0
3	15.2	-2.99978	2.5923314	29.0
3	15.3	-2.99978	2.5920763	29.0
3	15.4	-2.9997807	2.591824	29.0
3	15.5	-2.999782	2.591592	29.0
3	15.6	-2.9997835	2.5913494	29.0
3	15.7	-2.9997842	2.5911143	29.0
3	15.8	-2.9997857	2.5908806	29.0
3	15.9	-2.9997864	2.5906627	29.0
3	16.0	-2.9997864	2.590426	29.0
3	16.1	-2.9997857	2.5901823	29.0
3	16.2	-2.9997857	2.5899687	29.0
3	16.3	-2.9997857	2.5897489	29.0
3	16.4	-2.9997864	2.5895212	29.0
3	16.5	-2.9997864	2.5892663	29.0
3	16.6	-2.9997857	2.5890362	29.0
3	16.7	-2.999785	2.5887976	29.0
3	16.8	-2.9997857	2.5885854	29.0
3	16.9	-2.999787	2.5883625	29.0
3	17.0	-2.999787	2.588125	29.0
3	17.1	-2.9997885	2.587895	29.0
3	17.2	-2.9997907	2.5877066	29.0
3	17.3	-2.9997916	2.5874567	29.0
3	17.4	-2.9997907	2.5872476	29.0
3	17.5	-2.99979	2.587007	29.0
3	17.6	-2.99979	2.5867832	29.0
3	17.7	-2.99979	2.5865872	29.0
3	17.8	-2.99979	2.58634	29.0
3	17.9	-2.9997892	2.586139	29.0
3	18.0	-2.9997892	2.5859463	29.0
3	18.1	-2.99979	2.585716	29.0
3	18.2	-2.9997907	2.5854666	29.0
3	18.3	-2.99979	2.585288	29.0
3	18.4	-2.9997907	2.5850701	29.0
3	18.5	-2.9997907	2.584857	29.0
3	18.6	-2.99979	2.584653	29.0
3	18.7	-2.9997885	2.5844374	29.0
3	18.8	-2.9997878	2.5842338	29.0
3	18.9	-2.9997864	2.5840027	29.0
3	19.0	-2.9997864	2.583812	29.0
3	19.1	-2.999787	2.5835977	29.0
3	19.2	-2.9997885	2.5834079	29.0
3	19.3	-2.99979	2.5831907	29.0
3	19.4	-2.99979	2.5829968	29.0
3	19.5	-2.99979	2.5827994	29.0
3	19.6	-2.9997885	2.5825863	29.0
3	19.7	-2.999787	2.5823903	29.0
3	19.8	-2.999787	2.5821686	29.0
3	19.9	-2.999787	2.582012	29.0
3	20.0	-2.9997885	2.5817883	29.0
3	20.1	-2.9997885	2.581597	29.0
3	20.2	-2.99979	2.5813887	29.0
3	20.3	-2.9997907	2.58119	29.0
3	20.4	-2.99979	2.5810237	29.0
3	20.5	-2.99979	2.5808468	29.0
3	20.6	-2.99979	2.580645	29.0
3	20.7	-2.9997907	2.580409	29.0
3	20.8	-2.9997907	2.580243	29.0
3	20.9	-2.9997916	2.5800383	29.0
3	21.0	-2.9997928	2.5798635	29.0
3	21.1	-2.9997935	2.5796666	29.0
3	21.2	-2.9997935	2.5794916	29.0
3	21.3	-2.9997928	2.5792809	29.0
3	21.4	-2.9997928	2.5791016	29.0
3	21.5	-2.9997928	2.578951	29.0
3	21.6	-2.9997916	2.5787592	29.0
3	21.7	-2.99979	2.578563	29.0
3	21.8	-2.99979	2.5783813	29.0
3	21.9	-2.99979	2.5782006	29.0
3	22.0	-2.99979	2.5780149	29.0
3	22.1	-2.9997907	2.5778174	29.0
3	22.2	-2.999792	2.5776765	29.0
3	22.3	-2.9997945	2.5774753	29.0
3	22.4	-2.999796	2.5773067	29.0
3	22.5	-2.9997988	2.5771174	29.0
3	22.6	-2.9998024	2.5769315	29.0
3	22.7	-2.9998052	2.5767522	29.0
3	22.8	-2.9998066	2.5765748	29.0
3	22.9	-2.999808	2.5764277	29.0
3	23.0	-2.9998105	2.5762339	29.0
3	23.1	-2.9998133	2.5760336	29.0
3	23.2	-2.999817	2.5759113	29.0
3	23.3	-2.9998198	2.5757115	29.0
3	23.4	-2.9998212	2.5755358	29.0
3	23.5	-2.9998221	2.5753691	29.0
3	23.6	-2.9998226	2.5751932	29.0
3	23.7	-2.999824	2.5750592	29.0
3	23.8	-2.9998279	2.574862	29.0
3	23.9	-2.9998307	2.5746877	29.0
3	24.0	-2.9998343	2.57454	29.0
3	24.1	-2.9998379	2.5743744	29.0
3	24.2	-2.9998417	2.5742178	29.0
3	24.3	-2.9998422	2.57405	29.0
3	24.4	-2.9998422	2.5738933	29.0
3	24.5	-2.9998422	2.5737035	29.0
3	24.6	-2.9998438	2.57356	29.0
3	24.7	-2.9998438	2.5734122	29.0
3	24.8	-2.9998453	2.5731974	29.0
3	24.9	-2.9998467	2.5730684	29.0
3	25.0	-2.9998481	2.5728567	29.0
3	25.1	-2.9998496	2.572753	29.0
3	25.2	-2.999851	2.5725846	29.0
3	25.3	-2.9998527	2.5724454	29.0
3	25.4	-2.9998538	2.5722713	29.0
3	25.5	-2.9998546	2.5721147	29.0
3	25.6	-2.9998538	2.571962	29.0
3	25.7	-2.9998555	2.5718288	29.0
3	25.8	-2.999857	2.5716465	29.0
3	25.9	-2.9998605	2.571496	29.0
3	26.0	-2.9998634	2.5713434	29.0
3	26.1	-2.9998634	2.5712016	29.0
3	26.2	-2.9998648	2.5710576	29.0
3	26.3	-2.9998662	2.570905	29.0
3	26.4	-2.999867	2.5707262	29.0
3	26.5	-2.9998684	2.570605	29.0
3	26.6	-2.999869	2.5704265	29.0
3	26.7	-2.9998698	2.5702813	29.0
3	26.8	-2.9998708	2.570128	29.0
3	26.9	-2.9998715	2.57003	29.0
3	27.0	-2.9998727	2.5698712	29.0
3	27.1	-2.999875	2.5697048	29.0
3	27.2	-2.9998758	2.5695505	29.0
3	27.3	-2.999875	2.5694275	29.0
3	27.4	-2.9998758	2.5692828	29.0
3	27.5	-2.999878	2.569135	29.0
3	27.6	-2.9998786	2.5689914	29.0
3	27.7	-2.99988	2.5688443	29.0
3	27.8	-2.9998815	2.5686984	29.0
3	27.9	-2.9998822	2.5685527	29.0
3	28.0	-2.9998837	2.56842	29.0
3	28.1	-2.9998844	2.5682766	29.0
3	28.2	-2.999885	2.5681207	29.0
3	28.3	-2.999886	2.5679839	29.0
3	28.4	-2.9998882	2.5678422	29.0
3	28.5	-2.999889	2.5676904	29.0
3	28.6	-2.9998896	2.5675516	29.0
3	28.7	-2.999891	2.5674026	29.0
3	28.8	-2.999894	2.5672815	29.0
3	28.9	-2.999896	2.5671327	29.0
3	29.0	-2.999896	2.5669954	29.0
3	29.1	-2.999896	2.566894	29.0
3	29.2	-2.9998975	2.5667372	29.0
3	29.3	-2.9998982	2.5665522	29.0
3	29.4	-2.9998982	2.5664592	29.0
3	29.5	-2.9998982	2.56634	29.0
3	29.6	-2.9998996	2.566182	29.0
3	29.7	-2.999899	2.5660589	29.0
3	29.8	-2.9998982	2.5659373	29.0
3	29.9	-2.9998996	2.5657823	29.0
3	30.0	-2.9999003	2.5656471	29.0
3	30.1	-2.9999003	2.5655231	29.0
3	30.2	-2.9999013	2.5653968	29.0
3	30.3	-2.9999013	2.5652277	29.0
3	30.4	-2.9999003	2.5650702	29.0
3	30.5	-2.999899	2.5649612	29.0
3	30.6	-2.9998982	2.564834	29.0
3	30.7	-2.9998975	2.5647154	29.0
3	30.8	-2.999896	2.564578	29.0
3	30.9	-2.9998946	2.5644574	29.0
3	31.0	-2.999893	2.5643134	29.0
3	31.1	-2.999891	2.5641809	29.0
3	31.2	-2.9998896	2.5640543	29.0
3	31.3	-2.9998882	2.5639257	29.0
3	31.4	-2.9998868	2.5637896	29.0
3	31.5	-2.999886	2.5636811	29.0
3	31.6	-2.999886	2.5635457	29.0
3	31.7	-2.9998868	2.5634325	29.0
3	31.8	-2.9998868	2.5632808	29.0
3	31.9	-2.9998868	2.5631635	29.0
3	32.0	-2.9998844	2.5629957	29.0
3	32.1	-2.9998832	2.5628977	29.0
3	32.2	-2.9998808	2.5627954	29.0
3	32.3	-2.9998794	2.5626338	29.0
3	32.4	-2.9998772	2.562529	29.0
3	32.5	-2.9998758	2.5623944	29.0
3	32.6	-2.999875	2.5622685	29.0
3	32.7	-2.999875	2.562125	29.0
3	32.8	-2.9998736	2.562014	29.0
3	32.9	-2.9998727	2.5618944	29.0
3	33.0	-2.9998727	2.5617807	29.0
3	33.1	-2.9998722	2.5616407	29.0
3	33.2	-2.9998698	2.5615134	29.0
3	33.3	-2.9998684	2.5614214	29.0
3	33.4	-2.9998677	2.561241	29.0
3	33.5	-2.999867	2.5611527	29.0
3	33.6	-2.999867	2.5610259	29.0
3	33.7	-2.9998662	2.5609014	29.0
3	33.8	-2.9998648	2.560816	29.0
3	33.9	-2.9998634	2.560681	29.0
3	34.0	-2.999862	2.5605507	29.0
3	34.1	-2.999862	2.560435	29.0
3	34.2	-2.999862	2.5603154	29.0
3	34.3	-2.9998605	2.560202	29.0
3	34.4	-2.999859	2.5600808	29.0
3	34.5	-2.9998577	2.55996	29.0
3	34.6	-2.9998562	2.5598388	29.0
3	34.7	-2.9998555	2.559703	29.0
3	34.8	-2.9998546	2.5595663	29.0
3	34.9	-2.9998538	2.5594506	29.0
3	35.0	-2.9998538	2.5593312	29.0
3	35.1	-2.9998531	2.5592215	29.0
3	35.2	-2.9998527	2.5590842	29.0
3	35.3	-2.9998517	2.5590172	29.0
3	35.4	-2.9998517	2.558875	29.0
3	35.5	-2.9998527	2.5587778	29.0
3	35.6	-2.9998531	2.5586538	29.0
3	35.7	-2.9998531	2.5585089	29.0
3	35.8	-2.9998527	2.558431	29.0
3	35.9	-2.9998517	2.5582933	29.0
3	36.0	-2.9998517	2.5581698	29.0
3	36.1	-2.9998517	2.5580542	29.0
3	36.2	-2.9998517	2.5579622	29.0
3	36.3	-2.9998538	2.5578449	29.0
3	36.4	-2.9998538	2.5577254	29.0
3	36.5	-2.9998527	2.5575988	29.0
3	36.6	-2.9998527	2.5574825	29.0
3	36.7	-2.9998527	2.557376	29.0
3	36.8	-2.9998517	2.5572937	29.0
3	36.9	-2.9998496	2.5571477	29.0
3	37.0	-2.9998488	2.5570416	29.0
3	37.1	-2.9998481	2.5569117	29.0
3	37.2	-2.9998496	2.5568106	29.0
3	37.3	-2.9998517	2.5566754	29.0
3	37.4	-2.9998517	2.5565689	29.0
3	37.5	-2.9998517	2.55646	29.0
3	37.6	-2.9998517	2.5563474	29.0
3	37.7	-2.999851	2.5562408	29.0
3	37.8	-2.9998503	2.5561285	29.0
3	37.9	-2.9998488	2.555988	29.0
3	38.0	-2.9998481	2.555881	29.0
3	38.1	-2.9998474	2.5557668	29.0
3	38.2	-2.9998467	2.5556824	29.0
3	38.3	-2.999846	2.5555546	29.0
3	38.4	-2.9998446	2.5554657	29.0
3	38.5	-2.9998431	2.5553439	29.0
3	38.6	-2.9998438	2.555244	29.0
3	38.7	-2.9998453	2.5551074	29.0
3	38.8	-2.9998467	2.5549946	29.0
3	38.9	-2.9998474	2.5548923	29.0
3	39.0	-2.9998467	2.5547693	29.0
3	39.1	-2.9998481	2.5546575	29.0
3	39.2	-2.9998481	2.5545611	29.0
3	39.3	-2.9998488	2.5544388	29.0
3	39.4	-2.9998481	2.5543323	29.0
3	39.5	-2.9998488	2.5542226	29.0
3	39.6	-2.999851	2.5541353	29.0
3	39.7	-2.9998517	2.5540118	29.0
3	39.8	-2.9998517	2.5538785	29.0
3	39.9	-2.9998531	2.5537612	29.0
3	40.0	-2.9998546	2.5536783	29.0
3	40.1	-2.9998555	2.5535524	29.0
3	40.2	-2.9998546	2.5534554	29.0
3	40.3	-2.9998546	2.5533593	29.0
3	40.4	-2.9998562	2.553227	29.0
3	40.5	-2.9998584	2.5531478	29.0
3	40.6	-2.9998605	2.553046	29.0
3	40.7	-2.999862	2.5529382	29.0
3	40.8	-2.9998612	2.552816	29.0
3	40.9	-2.9998612	2.552712	29.0
3	41.0	-2.9998612	2.5525908	29.0
3	41.1	-2.9998612	2.5525036	29.0
3	41.2	-2.999863	2.5523818	29.0
3	41.3	-2.9998648	2.5522597	29.0
3	41.4	-2.9998648	2.552141	29.0
3	41.5	-2.9998655	2.552064	29.0
3	41.6	-2.9998655	2.5519526	29.0
3	41.7	-2.9998662	2.5518425	29.0
3	41.8	-2.999867	2.551725	29.0
3	41.9	-2.9998677	2.5516582	29.0
3	42.0	-2.9998684	2.5515106	29.0
3	42.1	-2.999869	2.5514162	29.0
3	42.2	-2.999869	2.5513053	29.0
3	42.3	-2.9998684	2.5511987	29.0
3	42.4	-2.9998677	2.5511036	29.0
3	42.5	-2.9998677	2.5509892	29.0
3	42.6	-2.9998677	2.5509202	29.2
3	42.7	-2.9998684	2.5507846	29.2
3	42.8	-2.9998698	2.5506742	29.0
3	42.9	-2.9998722	2.5505574	29.0
3	43.0	-2.9998736	2.5504384	29.0
3	43.1	-2.9998765	2.5503612	29.0
3	43.2	-2.9998794	2.5502615	29.0
3	43.3	-2.9998815	2.5501704	29.0
3	43.4	-2.9998844	2.550059	29.0
3	43.5	-2.999886	2.5499465	29.0
3	43.6	-2.9998882	2.549846	29.0
3	43.7	-2.9998896	2.5497465	29.0
3	43.8	-2.9998925	2.5496285	29.0
3	43.9	-2.9998946	2.5495431	29.0
3	44.0	-2.999896	2.5494058	29.0
3	44.1	-2.999896	2.5493355	29.0
3	44.2	-2.9998968	2.5492465	29.0
3	44.3	-2.9998982	2.549129	29.0
3	44.4	-2.999899	2.549008	29.0
3	44.5	-2.9998996	2.5489109	29.0
3	44.6	-2.999902	2.548788	29.0
3	44.7	-2.9999027	2.5487123	29.0
3	44.8	-2.9999042	2.5486174	29.0
3	44.9	-2.9999056	2.5485327	29.0
3	45.0	-2.9999063	2.548386	29.2
4	45.001	0.0	2.621908	29.0
4	45.1	0.0	2.621908	29.0
4	45.2	0.0	2.6225624	29.0
4	45.3	0.0	2.623885	29.0
4	45.4	0.0	2.6251178	29.0
4	45.5	0.0	2.6260679	29.0
4	45.6	0.0	2.626909	29.0
4	45.7	0.0	2.627592	29.0
4	45.8	0.0	2.628246	29.0
4	45.9	0.0	2.6288314	29.0
4	46.0	0.0	2.629395	29.0
4	46.1	0.0	2.6299624	29.0
4	46.2	0.0	2.6304457	29.0
4	46.3	0.0	2.6309228	29.0
4	46.4	0.0	2.6314073	29.0
4	46.5	0.0	2.6318674	29.0
4	46.6	0.0	2.632285	29.0
4	46.7	0.0	2.6327152	29.0
4	46.8	0.0	2.6330886	29.0
4	46.9	0.0	2.633505	29.0
4	47.0	0.0	2.6338894	29.0
4	47.1	0.0	2.6342542	29.0
4	47.2	0.0	2.6346135	29.0
4	47.3	0.0	2.6349628	29.0
4	47.4	0.0	2.6353168	29.0
4	47.5	0.0	2.6356688	29.2
4	47.6	0.0	2.635992	29.2
4	47.7	0.0	2.636322	29.2
4	47.8	0.0	2.6366181	29.2
4	47.9	0.0	2.6369512	29.2
4	48.0	0.0	2.6372778	29.2
4	48.1	0.0	2.6375597	29.2
4	48.2	0.0	2.6378407	29.2
4	48.3	0.0	2.6381304	29.1
4	48.4	0.0	2.6384282	29.1
4	48.5	0.0	2.6387053	29.0
4	48.6	0.0	2.638979	29.0
4	48.7	0.0	2.6392405	29.0
4	48.8	0.0	2.6395235	29.0
4	48.9	0.0	2.6397724	28.9
4	49.0	0.0	2.6400132	28.9
4	49.1	0.0	2.6402836	28.9
4	49.2	0.0	2.640487	28.9
4	49.3	0.0	2.6407552	28.9
4	49.4	0.0	2.64099	28.9
4	49.5	0.0	2.6412814	28.9
4	49.6	0.0	2.6415043	28.9
4	49.7	0.0	2.6417372	28.9
4	49.8	0.0	2.6419563	28.9
4	49.9	0.0	2.6421745	28.9
4	50.0	0.0	2.6423786	28.9
4	50.1	0.0	2.6426005	28.9
4	50.2	0.0	2.6428175	28.9
4	50.3	0.0	2.643028	28.9
4	50.4	0.0	2.643251	28.9
4	50.5	0.0	2.6434467	28.9
4	50.6	0.0	2.6436627	28.9
4	50.7	0.0	2.6439097	28.9
4	50.8	0.0	2.6440516	28.9
4	50.9	0.0	2.644267	28.9
4	51.0	0.0	2.6444414	28.9
4	51.1	0.0	2.644644	28.9
4	51.2	0.0	2.6448355	28.9
4	51.3	0.0	2.6450317	29.1
4	51.4	0.0	2.6452117	29.1
4	51.5	0.0	2.6453722	29.1
4	51.6	0.0	2.6455457	29.1
4	51.7	0.0	2.645754	29.1
4	51.8	0.0	2.6459267	29.1
4	51.9	0.0	2.646123	29.1
4	52.0	0.0	2.6462967	29.1
4	52.1	0.0	2.646414	29.1
4	52.2	0.0	2.6466177	29.1
4	52.3	0.0	2.6467779	29.1
4	52.4	0.0	2.64695	29.1
4	52.5	0.0	2.6471057	29.1
4	52.6	0.0	2.6472793	29.1
4	52.7	0.0	2.647431	29.1
4	52.8	0.0	2.6476305	29.1
4	52.9	0.0	2.6477633	29.1
4	53.0	0.0	2.6479309	28.9
4	53.1	0.0	2.6480641	28.9
4	53.2	0.0	2.6482253	28.9
4	53.3	0.0	2.6483731	28.9
4	53.4	0.0	2.6485116	28.9
4	53.5	0.0	2.648651	28.9
4	53.6	0.0	2.648818	29.1
4	53.7	0.0	2.6489367	29.1
4	53.8	0.0	2.6491046	29.1
4	53.9	0.0	2.6492357	29.1
4	54.0	0.0	2.649384	29.1
4	54.1	0.0	2.6495156	29.1
4	54.2	0.0	2.6496665	29.1
4	54.3	0.0	2.6498158	29.1
4	54.4	0.0	2.649942	29.1
4	54.5	0.0	2.650062	29.1
4	54.6	0.0	2.6501896	29.1
4	54.7	0.0	2.6503131	29.1
4	54.8	0.0	2.6504445	29.1
4	54.9	0.0	2.6505868	29.1
4	55.0	0.0	2.6507175	29.1
4	55.1	0.0	2.6508386	29.1
4	55.2	0.0	2.6509535	29.1
4	55.3	0.0	2.6511075	29.1
4	55.4	0.0	2.6512363	29.1
4	55.5	0.0	2.6513042	29.1
4	55.6	0.0	2.6514375	29.1
4	55.7	0.0	2.6515565	29.1
4	55.8	0.0	2.6516898	29.1
4	55.9	0.0	2.6517892	29.1
4	56.0	0.0	2.6518855	29.1
4	56.1	0.0	2.6520264	29.1
4	56.2	0.0	2.6521297	29.1
4	56.3	0.0	2.6522315	29.1
4	56.4	0.0	2.6524034	29.1
4	56.5	0.0	2.6525052	29.1
4	56.6	0.0	2.6526053	29.1
4	56.7	0.0	2.6526835	29.1
4	56.8	0.0	2.6528227	29.1
4	56.9	0.0	2.6528955	29.1
4	57.0	0.0	2.653005	29.1
4	57.1	0.0	2.6531243	29.1
4	57.2	0.0	2.6531982	29.1
4	57.3	0.0	2.6533334	29.1
4	57.4	0.0	2.6534393	29.1
4	57.5	0.0	2.6535435	29.1
4	57.6	0.0	2.6536317	29.1
4	57.7	0.0	2.653733	29.1
4	57.8	0.0	2.6538405	29.1
4	57.9	0.0	2.6539502	29.1
4	58.0	0.0	2.6539915	29.1
4	58.1	0.0	2.654109	29.1
4	58.2	0.0	2.654228	29.1
4	58.3	0.0	2.6543257	29.1
4	58.4	0.0	2.6543705	29.1
4	58.5	0.0	2.6544783	29.1
4	58.6	0.0	2.6545637	29.1
4	58.7	0.0	2.6546762	29.1
4	58.8	0.0	2.6547933	29.1
4	58.9	0.0	2.65485	29.1
4	59.0	0.0	2.6549547	29.1
4	59.1	0.0	2.6550462	29.1
4	59.2	0.0	2.6551213	29.1
4	59.3	0.0	2.6552105	29.1
4	59.4	0.0	2.6553082	29.1
4	59.5	0.0	2.6554048	29.1
4	59.6	0.0	2.6554964	29.1
4	59.7	0.0	2.6555748	29.1
4	59.8	0.0	2.6556618	29.1
4	59.9	0.0	2.6557376	29.1
4	60.0	0.0	2.6558335	29.1
4	60.1	0.0	2.6559064	29.1
4	60.2	0.0	2.655972	29.1
4	60.3	0.0	2.656051	29.1
4	60.4	0.0	2.6561368	29.1
4	60.5	0.0	2.6562252	29.1
4	60.6	0.0	2.6563046	29.1
4	60.7	0.0	2.6564062	29.1
4	60.8	0.0	2.6564772	29.1
4	60.9	0.0	2.6565654	29.1
4	61.0	0.0	2.6566186	29.1
4	61.1	0.0	2.6567059	28.9
4	61.2	0.0	2.6567683	28.9
4	61.3	0.0	2.6568768	28.9
4	61.4	0.0	2.6569421	28.9
4	61.5	0.0	2.6570318	28.9
4	61.6	0.0	2.657082	28.9
4	61.7	0.0	2.6571534	28.9
4	61.8	0.0	2.657254	28.9
4	61.9	0.0	2.6573176	28.9
4	62.0	0.0	2.6574025	28.9
4	62.1	0.0	2.6574767	28.9
4	62.2	0.0	2.6575215	28.9
4	62.3	0.0	2.6575947	28.9
4	62.4	0.0	2.657696	28.9
4	62.5	0.0	2.6577613	28.9
4	62.6	0.0	2.6578014	29.1
4	62.7	0.0	2.657883	29.1
4	62.8	0.0	2.6579506	29.1
4	62.9	0.0	2.6580224	29.1
4	63.0	0.0	2.6580944	29.1
4	63.1	0.0	2.6581502	29.1
4	63.2	0.0	2.658239	29.1
4	63.3	0.0	2.6583009	29.1
4	63.4	0.0	2.658333	29.1
4	63.5	0.0	2.658425	29.1
4	63.6	0.0	2.6584842	29.1
4	63.7	0.0	2.6585498	29.1
4	63.8	0.0	2.658629	29.1
4	63.9	0.0	2.6586885	29.1
4	64.0	0.0	2.6587677	29.1
4	64.1	0.0	2.6588	29.1
4	64.2	0.0	2.658846	29.1
4	64.3	0.0	2.6589549	29.1
4	64.4	0.0	2.6590183	29.1
4	64.5	0.0	2.6590576	29.1
4	64.6	0.0	2.6591172	29.1
4	64.7	0.0	2.6591735	29.1
4	64.8	0.0	2.6592546	29.1
4	64.9	0.0	2.659343	29.1
4	65.0	0.0	2.659403	29.1
4	65.1	0.0	2.6594398	29.1
4	65.2	0.0	2.6595063	29.1
4	65.3	0.0	2.6595662	29.1
4	65.4	0.0	2.6596332	29.1
4	65.5	0.0	2.6596937	29.1
4	65.6	0.0	2.6597576	29.1
4	65.7	0.0	2.65982	29.1
4	65.8	0.0	2.659889	29.1
4	65.9	0.0	2.659918	29.1
4	66.0	0.0	2.6599813	29.1
4	66.1	0.0	2.6600425	29.1
4	66.2	0.0	2.6600919	29.1
4	66.3	0.0	2.6601524	29.1
4	66.4	0.0	2.660208	29.1
4	66.5	0.0	2.660259	29.1
4	66.6	0.0	2.6603196	29.1
4	66.7	0.0	2.6603723	29.1
4	66.8	0.0	2.66043	29.1
4	66.9	0.0	2.6604953	29.1
4	67.0	0.0	2.660554	29.1
4	67.1	0.0	2.6606085	29.1
4	67.2	0.0	2.6606817	29.1
4	67.3	0.0	2.6607118	29.1
4	67.4	0.0	2.6607792	29.1
4	67.5	0.0	2.6608324	29.1
4	67.6	0.0	2.660865	29.1
4	67.7	0.0	2.6609275	29.1
4	67.8	0.0	2.6609821	29.1
4	67.9	0.0	2.6610258	29.1
4	68.0	0.0	2.6610844	29.1
4	68.1	0.0	2.6611469	29.1
4	68.2	0.0	2.661191	29.1
4	68.3	0.0	2.6612375	29.1
4	68.4	0.0	2.6612933	29.1
4	68.5	0.0	2.6613424	29.1
4	68.6	0.0	2.6614006	29.1
4	68.7	0.0	2.6614554	29.1
4	68.8	0.0	2.6614869	29.1
4	68.9	0.0	2.6615398	29.1
4	69.0	0.0	2.6615973	29.1
4	69.1	0.0	2.6616433	29.1
4	69.2	0.0	2.6616967	29.1
4	69.3	0.0	2.6617413	29.1
4	69.4	0.0	2.6617985	29.1
4	69.5	0.0	2.6618323	29.1
4	69.6	0.0	2.661917	29.1
4	69.7	0.0	2.661949	29.2
4	69.8	0.0	2.6619728	29.2
4	69.9	0.0	2.6620133	29.2
4	70.0	0.0	2.6620817	29.2
4	70.1	0.0	2.66211	29.2
4	70.2	0.0	2.6621506	29.2
4	70.3	0.0	2.6622207	29.2
4	70.4	0.0	2.6622682	29.2
4	70.5	0.0	2.6623056	29.2
4	70.6	0.0	2.6623342	29.2
4	70.7	0.0	2.6624146	29.2
4	70.8	0.0	2.6624491	29.2
4	70.9	0.0	2.6624844	29.2
4	71.0	0.0	2.662534	29.2
4	71.1	0.0	2.6625812	29.2
4	71.2	0.0	2.662622	29.2
4	71.3	0.0	2.662654	29.2
4	71.4	0.0	2.662718	29.2
4	71.5	0.0	2.6627574	29.2
4	71.6	0.0	2.6628053	29.2
4	71.7	0.0	2.6628325	29.2
4	71.8	0.0	2.6628785	29.2
4	71.9	0.0	2.6629417	29.2
4	72.0	0.0	2.662978	29.2
4	72.1	0.0	2.6630013	29.2
4	72.2	0.0	2.6630492	29.2
4	72.3	0.0	2.6631079	29.2
4	72.4	0.0	2.663133	29.2
4	72.5	0.0	2.6631691	29.2
4	72.6	0.0	2.6632187	29.2
4	72.7	0.0	2.6632686	29.2
4	72.8	0.0	2.6633065	29.2
4	72.9	0.0	2.6633582	29.2
4	73.0	0.0	2.6633878	29.2
4	73.1	0.0	2.6634333	29.2
4	73.2	0.0	2.6634803	29.2
4	73.3	0.0	2.6635184	29.2
4	73.4	0.0	2.6635427	29.2
4	73.5	0.0	2.6636038	29.2
4	73.6	0.0	2.6636395	29.2
4	73.7	0.0	2.6636615	29.2
4	73.8	0.0	2.6637	29.2
4	73.9	0.0	2.6637602	29.2
4	74.0	0.0	2.6638043	29.2
4	74.1	0.0	2.6638274	29.2
4	74.2	0.0	2.6638927	29.2
4	74.3	0.0	2.663929	29.2
4	74.4	0.0	2.6639574	29.2
4	74.5	0.0	2.6639957	29.2
4	74.6	0.0	2.664034	29.2
4	74.7	0.0	2.6640751	29.2
4	74.8	0.0	2.6641307	29.2
4	74.9	0.0	2.6641583	29.2
4	75.0	0.0	2.664178	29.2
4	75.1	0.0	2.6642094	29.2
4	75.2	0.0	2.664256	29.2
4	75.3	0.0	2.6642723	29.2
4	75.4	0.0	2.66429	29.2
4	75.5	0.0	2.664339	29.2
4	75.6	0.0	2.6644127	29.2
4	75.7	0.0	2.6644351	29.2
4	75.8	0.0	2.664485	29.2
4	75.9	0.0	2.6645062	29.2
4	76.0	0.0	2.664529	29.2
4	76.1	0.0	2.6645758	29.2
4	76.2	0.0	2.6646483	29.2
4	76.3	0.0	2.6646824	29.2
4	76.4	0.0	2.6646907	29.2
4	76.5	0.0	2.6647267	29.2
4	76.6	0.0	2.6647484	29.2
4	76.7	0.0	2.6648042	29.2
4	76.8	0.0	2.6648235	29.2
4	76.9	0.0	2.664876	29.2
4	77.0	0.0	2.6649044	29.2
4	77.1	0.0	2.6649535	29.2
4	77.2	0.0	2.6649632	29.2
4	77.3	0.0	2.6650157	29.2
4	77.4	0.0	2.6650667	29.2
4	77.5	0.0	2.6650977	29.2
4	77.6	0.0	2.6651344	29.2
4	77.7	0.0	2.6651704	29.2
4	77.8	0.0	2.6652114	29.2
4	77.9	0.0	2.6652474	29.2
4	78.0	0.0	2.665274	29.2
4	78.1	0.0	2.6652806	29.2
4	78.2	0.0	2.665349	29.2
4	78.3	0.0	2.6653664	29.2
4	78.4	0.0	2.6653786	29.2
4	78.5	0.0	2.6654139	29.2
4	78.6	0.0	2.6654453	29.2
4	78.7	0.0	2.6655009	29.4
4	78.8	0.0	2.6655452	29.4
4	78.9	0.0	2.66557	29.4
4	79.0	0.0	2.6655996	29.2
4	79.1	0.0	2.665631	29.2
4	79.2	0.0	2.6656528	29.2
4	79.3	0.0	2.6656818	29.4
4	79.4	0.0	2.6657057	29.4
4	79.5	0.0	2.6657472	29.4
4	79.6	0.0	2.6657739	29.4
4	79.7	0.0	2.6657898	29.2
4	79.8	0.0	2.665849	29.2
4	79.9	0.0	2.6658869	29.2
4	80.0	0.0	2.6659346	29.2
4	80.1	0.0	2.6659448	29.2
4	80.2	0.0	2.6659672	29.2
4	80.3	0.0	2.6660175	29.2
4	80.4	0.0	2.666071	29.2
4	80.5	0.0	2.6660814	29.2
4	80.6	0.0	2.666118	29.2
4	80.7	0.0	2.6661298	29.2
4	80.8	0.0	2.6661603	29.2
4	80.9	0.0	2.6662025	29.2
4	81.0	0.0	2.6662354	29.2
4	81.1	0.0	2.66628	29.2
4	81.2	0.0	2.6663156	29.2
4	81.3	0.0	2.6663446	29.2
4	81.4	0.0	2.666379	29.2
4	81.5	0.0	2.666397	29.2
4	81.6	0.0	2.6664262	29.2
4	81.7	0.0	2.6664624	29.2
4	81.8	0.0	2.6664915	29.2
4	81.9	0.0	2.6665096	29.2
4	82.0	0.0	2.6665425	29.2
4	82.1	0.0	2.666569	29.2
4	82.2	0.0	2.666637	29.2
4	82.3	0.0	2.6666715	29.4
4	82.4	0.0	2.6666913	29.4
4	82.5	0.0	2.6667054	29.4
4	82.6	0.0	2.6667466	29.4
4	82.7	0.0	2.6667628	29.4
4	82.8	0.0	2.666796	29.4
4	82.9	0.0	2.6668258	29.4
4	83.0	0.0	2.6668444	29.4
4	83.1	0.0	2.6668766	29.4
4	83.2	0.0	2.6668992	29.4
4	83.3	0.0	2.666959	29.4
4	83.4	0.0	2.666987	29.4
4	83.5	0.0	2.667018	29.4
4	83.6	0.0	2.6670406	29.4
4	83.7	0.0	2.6670644	29.4
4	83.8	0.0	2.6670885	29.4
4	83.9	0.0	2.6671326	29.4
4	84.0	0.0	2.6671715	29.3
4	84.1	0.0	2.6672132	29.3
4	84.2	0.0	2.667226	29.3
4	84.3	0.0	2.667252	29.3
4	84.4	0.0	2.667286	29.3
4	84.5	0.0	2.6673174	29.3
4	84.6	0.0	2.6673405	29.3
4	84.7	0.0	2.667372	29.3
4	84.8	0.0	2.6673949	29.3
4	84.9	0.0	2.667411	29.3
4	85.0	0.0	2.6674385	29.3
4	85.1	0.0	2.6674707	29.3
4	85.2	0.0	2.6674902	29.3
4	85.3	0.0	2.6675487	29.3
4	85.4	0.0	2.6675596	29.3
4	85.5	0.0	2.6675856	29.3
4	85.6	0.0	2.667621	29.3
4	85.7	0.0	2.6676433	29.3
4	85.8	0.0	2.6676674	29.3
4	85.9	0.0	2.6676855	29.3
4	86.0	0.0	2.667705	29.3
4	86.1	0.0	2.667764	29.3
4	86.2	0.0	2.6678188	29.3
4	86.3	0.0	2.6678321	29.3
4	86.4	0.0	2.6678648	29.3
4	86.5	0.0	2.667903	29.3
4	86.6	0.0	2.6679485	29.3
4	86.7	0.0	2.6679819	29.3
4	86.8	0.0	2.6680071	29.3
4	86.9	0.0	2.6680434	29.3
4	87.0	0.0	2.66807	29.3
4	87.1	0.0	2.6680999	29.3
4	87.2	0.0	2.6681144	29.3
4	87.3	0.0	2.6681185	29.3
4	87.4	0.0	2.6681716	29.3
4	87.5	0.0	2.6681979	29.3
4	87.6	0.0	2.6682234	29.1
4	87.7	0.0	2.6682312	29.1
4	87.8	0.0	2.668265	29.3
4	87.9	0.0	2.668284	29.3
4	88.0	0.0	2.6682923	29.3
4	88.1	0.0	2.668336	29.3
4	88.2	0.0	2.6683674	29.1
4	88.3	0.0	2.6683917	29.1
4	88.4	0.0	2.6683831	29.1
4	88.5	0.0	2.6684158	29.3
4	88.6	0.0	2.6684656	29.3
4	88.7	0.0	2.6684988	29.3
4	88.8	0.0	2.668506	29.3
4	88.9	0.0	2.6685472	29.3
4	89.0	0.0	2.6685746	29.3
4	89.1	0.0	2.6685874	29.3
4	89.2	0.0	2.6686294	29.1
4	89.3	0.0	2.6686654	29.1
4	89.4	0.0	2.6686819	29.3
4	89.5	0.0	2.6687083	29.3
4	89.6	0.0	2.668741	29.3
4	89.7	0.0	2.668761	29.1
4	89.8	0.0	2.668787	29.1
4	89.9	0.0	2.6688204	29.1
4	90.0	0.0	2.668824	29.1
4	90.1	0.0	2.6688433	29.1
4	90.2	0.0	2.6689022	29.1
4	90.3	0.0	2.66891	29.1
4	90.4	0.0	2.668944	29.3
4	90.5	0.0	2.6689603	29.3
4	90.6	0.0	2.6689923	29.3
4	90.7	0.0	2.669033	29.3
4	90.8	0.0	2.6690564	29.3
4	90.9	0.0	2.6690814	29.3
4	91.0	0.0	2.6690977	29.3
4	91.1	0.0	2.6691062	29.3
4	91.2	0.0	2.6691437	29.3
4	91.3	0.0	2.6691618	29.3
4	91.4	0.0	2.6691914	29.3
4	91.5	0.0	2.6692011	29.3
4	91.6	0.0	2.6692405	29.3
4	91.7	0.0	2.6692462	29.3
4	91.8	0.0	2.669255	29.3
4	91.9	0.0	2.6692853	29.3
4	92.0	0.0	2.6693277	29.3
4	92.1	0.0	2.6693358	29.3
4	92.2	0.0	2.6693585	29.3
4	92.3	0.0	2.669404	29.3
4	92.4	0.0	2.669421	29.3
4	92.5	0.0	2.6694233	29.3
4	92.6	0.0	2.669453	29.3
4	92.7	0.0	2.669474	29.3
4	92.8	0.0	2.6694973	29.3
4	92.9	0.0	2.6695385	29.3
4	93.0	0.0	2.669574	29.3
4	93.1	0.0	2.6695862	29.3
4	93.2	0.0	2.669599	29.3
4	93.3	0.0	2.6696265	29.3
4	93.4	0.0	2.6696627	29.3
4	93.5	0.0	2.66969	29.3
4	93.6	0.0	2.6697097	29.3
4	93.7	0.0	2.6697435	29.3
4	93.8	0.0	2.6697476	29.1
4	93.9	0.0	2.669791	29.1
4	94.0	0.0	2.6698158	29.1
4	94.1	0.0	2.6698356	29.1
4	94.2	0.0	2.669863	29.1
4	94.3	0.0	2.669863	29.1
4	94.4	0.0	2.6699157	29.1
4	94.5	0.0	2.6699219	29.1
4	94.6	0.0	2.6699455	29.1
4	94.7	0.0	2.669955	29.1
4	94.8	0.0	2.6699908	29.1
4	94.9	0.0	2.6700308	29.1
4	95.0	0.0	2.6700435	29.3
4	95.1	0.0	2.6700537	29.3
4	95.2	0.0	2.6700847	29.3
4	95.3	0.0	2.6701117	29.3
4	95.4	0.0	2.670127	29.3
4	95.5	0.0	2.6701512	29.3
4	95.6	0.0	2.670174	29.3
4	95.7	0.0	2.6701796	29.3
4	95.8	0.0	2.6702063	29.3
4	95.9	0.0	2.670248	29.3
4	96.0	0.0	2.6702578	29.3
4	96.1	0.0	2.6702688	29.3
4	96.2	0.0	2.6703002	29.3
4	96.3	0.0	2.6703434	29.3
4	96.4	0.0	2.6703444	29.3
4	96.5	0.0	2.6703813	29.3
4	96.6	0.0	2.6704152	29.2
4	96.7	0.0	2.6704364	29.2
4	96.8	0.0	2.6704628	29.2
4	96.9	0.0	2.6705105	29.2
4	97.0	0.0	2.6705105	29.2
4	97.1	0.0	2.670506	29.2
4	97.2	0.0	2.6705363	29.2
4	97.3	0.0	2.6705701	29.4
4	97.4	0.0	2.6705909	29.4
4	97.5	0.0	2.6706097	29.4
4	97.6	0.0	2.6706321	29.4
4	97.7	0.0	2.670637	29.4
4	97.8	0.0	2.6706688	29.4
4	97.9	0.0	2.670697	29.4
4	98.0	0.0	2.6707163	29.4
4	98.1	0.0	2.6707215	29.4
4	98.2	0.0	2.67076	29.4
4	98.3	0.0	2.670764	29.4
4	98.4	0.0	2.6707726	29.4
4	98.5	0.0	2.670789	29.4
4	98.6	0.0	2.6708157	29.4
4	98.7	0.0	2.6708252	29.4
4	98.8	0.0	2.6708524	29.4
4	98.9	0.0	2.6709077	29.4
4	99.0	0.0	2.670944	29.4
4	99.1	0.0	2.6709516	29.4
4	99.2	0.0	2.6709783	29.4
4	99.3	0.0	2.6710045	29.4
4	99.4	0.0	2.6710122	29.4
4	99.5	0.0	2.6710293	29.4
4	99.6	0.0	2.671062	29.4
4	99.7	0.0	2.6710708	29.4
4	99.8	0.0	2.6711164	29.4
4	99.9	0.0	2.6711159	29.4
4	100.0	0.0	2.6711314	29.4
4	100.1	0.0	2.6711576	29.4
4	100.2	0.0	2.6711934	29.4
4	100.3	0.0	2.6712096	29.4
4	100.4	0.0	2.6712186	29.4
4	100.5	0.0	2.6712437	29.4
4	100.6	0.0	2.671266	29.4
4	100.7	0.0	2.671288	29.4
4	100.8	0.0	2.6713016	29.4
4	100.9	0.0	2.671306	29.4
4	101.0	0.0	2.6713543	29.4
4	101.1	0.0	2.671397	29.4
4	101.2	0.0	2.6714046	29.4
4	101.3	0.0	2.6714041	29.4
4	101.4	0.0	2.6714356	29.4
4	101.5	0.0	2.67146	29.4
4	101.6	0.0	2.6714954	29.4
4	101.7	0.0	2.6715124	29.4
4	101.8	0.0	2.671516	29.4
4	101.9	0.0	2.6715548	29.4
4	102.0	0.0	2.6715803	29.4
4	102.1	0.0	2.671591	29.4
4	102.2	0.0	2.671606	29.4
4	102.3	0.0	2.6715996	29.4
4	102.4	0.0	2.6716318	29.4
4	102.5	0.0	2.6716561	29.4
4	102.6	0.0	2.6716795	29.4
4	102.7	0.0	2.671698	29.4
4	102.8	0.0	2.6717103	29.4
4	102.9	0.0	2.6717122	29.4
4	103.0	0.0	2.6717703	29.4
4	103.1	0.0	2.671786	29.4
4	103.2	0.0	2.671799	29.4
4	103.3	0.0	2.6718237	29.4
4	103.4	0.0	2.671828	29.4
4	103.5	0.0	2.67186	29.4
4	103.6	0.0	2.6719031	29.4
4	103.7	0.0	2.6719031	29.4
4	103.8	0.0	2.6719158	29.4
4	103.9	0.0	2.671952	29.4
4	104.0	0.0	2.6719573	29.4
4	104.1	0.0	2.6719713	29.4
4	104.2	0.0	2.6719882	29.4
4	104.3	0.0	2.672001	29.4
4	104.4	0.0	2.6720483	29.4
4	104.5	0.0	2.6720436	29.2
4	104.6	0.0	2.6720653	29.2
4	104.7	0.0	2.6721075	29.2
4	104.8	0.0	2.6721125	29.2
4	104.9	0.0	2.6721356	29.2
4	105.0	0.0	2.6721559	29.2
4	105.1	0.0	2.6721761	29.2
4	105.2	0.0	2.6722257	29.2
4	105.3	0.0	2.6722438	29.2
4	105.4	0.0	2.6722543	29.2
4	105.5	0.0	2.6722543	29.2
4	105.6	0.0	2.6722736	29.2
4	105.7	0.0	2.6722972	29.4
4	105.8	0.0	2.6723166	29.4
4	105.9	0.0	2.6723318	29.4
4	106.0	0.0	2.672342	29.4
4	106.1	0.0	2.6723795	29.4
4	106.2	0.0	2.6724038	29.4
4	106.3	0.0	2.6724122	29.4
4	106.4	0.0	2.6724486	29.4
4	106.5	0.0	2.6724563	29.4
4	106.6	0.0	2.672457	29.4
4	106.7	0.0	2.672479	29.4
4	106.8	0.0	2.6724837	29.4
4	106.9	0.0	2.6725175	29.4
4	107.0	0.0	2.6725192	29.4
4	107.1	0.0	2.6725187	29.4
4	107.2	0.0	2.6725698	29.4
4	107.3	0.0	2.672591	29.4
4	107.4	0.0	2.672624	29.4
4	107.5	0.0	2.6726394	29.4
4	107.6	0.0	2.6726573	29.4
4	107.7	0.0	2.6726646	29.4
4	107.8	0.0	2.672675	29.4
4	107.9	0.0	2.672684	29.4
4	108.0	0.0	2.672726	29.4
4	108.1	0.0	2.6727638	29.4
4	108.2	0.0	2.6727853	29.4
4	108.3	0.0	2.6727858	29.4
4	108.4	0.0	2.672807	29.4
4	108.5	0.0	2.6728106	29.4
4	108.6	0.0	2.6728365	29.4
4	108.7	0.0	2.6728768	29.4
4	108.8	0.0	2.672881	29.4
4	108.9	0.0	2.6729088	29.4
4	109.0	0.0	2.6729195	29.4
4	109.1	0.0	2.6729438	29.4
4	109.2	0.0	2.6729305	29.4
4	109.3	0.0	2.6729553	29.4
4	109.4	0.0	2.6729963	29.4
4	109.5	0.0	2.6730115	29.4
4	109.6	0.0	2.673023	29.4
4	109.7	0.0	2.6730464	29.4
4	109.8	0.0	2.6730657	29.4
4	109.9	0.0	2.673077	29.4
4	110.0	0.0	2.6730976	29.4
4	110.1	0.0	2.6731086	29.4
4	110.2	0.0	2.6731267	29.4
4	110.3	0.0	2.6731553	29.4
4	110.4	0.0	2.6731625	29.4
4	110.5	0.0	2.6731825	29.4
4	110.6	0.0	2.6731994	29.4
4	110.7	0.0	2.6732256	29.4
4	110.8	0.0	2.673262	29.4
4	110.9	0.0	2.6732345	29.4
4	111.0	0.0	2.6732466	29.4
4	111.1	0.0	2.6732666	29.4
4	111.2	0.0	2.6732805	29.4
4	111.3	0.0	2.6733096	29.4
4	111.4	0.0	2.6733394	29.4
4	111.5	0.0	2.673345	29.4
4	111.6	0.0	2.6733792	29.4
4	111.7	0.0	2.6734033	29.4
4	111.8	0.0	2.6733992	29.4
4	111.9	0.0	2.6734023	29.4
4	112.0	0.0	2.6734366	29.4
4	112.1	0.0	2.673447	29.4
4	112.2	0.0	2.6734614	29.4
4	112.3	0.0	2.6734972	29.4
4	112.4	0.0	2.6735017	29.4
4	112.5	0.0	2.6735203	29.4
4	112.6	0.0	2.6735215	29.4
4	112.7	0.0	2.6735797	29.4
4	112.8	0.0	2.6735873	29.4
4	112.9	0.0	2.673597	29.4
4	113.0	0.0	2.6736164	29.4
4	113.1	0.0	2.6736202	29.4
4	113.2	0.0	2.673614	29.4
4	113.3	0.0	2.6736596	29.4
4	113.4	0.0	2.6736789	29.4
4	113.5	0.0	2.6736867	29.4
4	113.6	0.0	2.6737068	29.4
4	113.7	0.0	2.673752	29.4
4	113.8	0.0	2.6737795	29.4
4	113.9	0.0	2.6737812	29.4
4	114.0	0.0	2.6737802	29.4
4	114.1	0.0	2.6737795	29.4
4	114.2	0.0	2.6738074	29.4
4	114.3	0.0	2.6738272	29.4
4	114.4	0.0	2.6738522	29.4
4	114.5	0.0	2.673874	29.4
4	114.6	0.0	2.6738722	29.4
4	114.7	0.0	2.6738975	29.4
4	114.8	0.0	2.6739206	29.4
4	114.9	0.0	2.6739376	29.4
4	115.0	0.0	2.6739392	29.4
4	115.1	0.0	2.6739604	29.4
4	115.2	0.0	2.6739798	29.4
4	115.3	0.0	2.6740127	29.4
4	115.4	0.0	2.6740108	29.4
4	115.5	0.0	2.674047	29.4
4	115.6	0.0	2.6740596	29.4
4	115.7	0.0	2.6740615	29.4
4	115.8	0.0	2.6740863	29.4
4	115.9	0.0	2.674087	29.4
4	116.0	0.0	2.6741064	29.4
4	116.1	0.0	2.674144	29.4
4	116.2	0.0	2.6741621	29.4
4	116.3	0.0	2.674168	29.4
4	116.4	0.0	2.6741605	29.4
4	116.5	0.0	2.6741984	29.4
4	116.6	0.0	2.6742141	29.4
4	116.7	0.0	2.6742244	29.4
4	116.8	0.0	2.6742408	29.5
4	116.9	0.0	2.6742601	29.5
4	117.0	0.0	2.674284	29.5
4	117.1	0.0	2.6742961	29.5
4	117.2	0.0	2.6743195	29.5
4	117.3	0.0	2.6743348	29.5
4	117.4	0.0	2.6743348	29.5
4	117.5	0.0	2.6743364	29.5
4	117.6	0.0	2.6743522	29.5
4	117.7	0.0	2.6743784	29.5
4	117.8	0.0	2.674423	29.5
4	117.9	0.0	2.674431	29.5
4	118.0	0.0	2.6744127	29.5
4	118.1	0.0	2.6744092	29.5
4	118.2	0.0	2.6744351	29.5
4	118.3	0.0	2.6744757	29.5
4	118.4	0.0	2.6745079	29.5
4	118.5	0.0	2.6745067	29.5
4	118.6	0.0	2.6745102	29.5
4	118.7	0.0	2.6745188	29.5
4	118.8	0.0	2.6745424	29.5
4	118.9	0.0	2.67454	29.5
4	119.0	0.0	2.6745303	29.5
4	119.1	0.0	2.6745932	29.5
4	119.2	0.0	2.6746	29.5
4	119.3	0.0	2.6746047	29.5
4	119.4	0.0	2.6746433	29.5
4	119.5	0.0	2.674645	29.5
4	119.6	0.0	2.6746502	29.5
4	119.7	0.0	2.6746647	29.5
4	119.8	0.0	2.674669	29.5
4	119.9	0.0	2.67469	29.5
4	120.0	0.0	2.6746986	29.5
4	120.1	0.0	2.6747184	29.5
4	120.2	0.0	2.6747277	29.5
4	120.3	0.0	2.6747549	29.5
4	120.4	0.0	2.6747785	29.5
4	120.5	0.0	2.6747847	29.5
4	120.6	0.0	2.6748047	29.5
4	120.7	0.0	2.674825	29.3
4	120.8	0.0	2.6748362	29.3
4	120.9	0.0	2.674876	29.3
4	121.0	0.0	2.6748896	29.5
4	121.1	0.0	2.6748896	29.5
4	121.2	0.0	2.674921	29.5
4	121.3	0.0	2.674948	29.5
4	121.4	0.0	2.6749468	29.5
4	121.5	0.0	2.6749542	29.5
4	121.6	0.0	2.6750033	29.5
4	121.7	0.0	2.675028	29.5
4	121.8	0.0	2.675028	29.5
4	121.9	0.0	2.6749892	29.5
4	122.0	0.0	2.6749985	29.5
4	122.1	0.0	2.6750212	29.5
4	122.2	0.0	2.6750348	29.5
4	122.3	0.0	2.675038	29.5
4	122.4	0.0	2.6750746	29.3
4	122.5	0.0	2.6750994	29.3
4	122.6	0.0	2.675119	29.3
4	122.7	0.0	2.6751075	29.3
4	122.8	0.0	2.6751196	29.3
4	122.9	0.0	2.6751497	29.3
4	123.0	0.0	2.6751492	29.3
4	123.1	0.0	2.6751757	29.3
4	123.2	0.0	2.675189	29.3
4	123.3	0.0	2.675211	29.3
4	123.4	0.0	2.6752286	29.3
4	123.5	0.0	2.675215	29.3
4	123.6	0.0	2.6752338	29.3
4	123.7	0.0	2.6752641	29.3
4	123.8	0.0	2.6752787	29.5
4	123.9	0.0	2.6752846	29.5
4	124.0	0.0	2.6753376	29.5
4	124.1	0.0	2.6753433	29.5
4	124.2	0.0	2.6753247	29.5
4	124.3	0.0	2.6753314	29.5
4	124.4	0.0	2.6753628	29.5
4	124.5	0.0	2.6753695	29.5
4	124.6	0.0	2.6753755	29.3
4	124.7	0.0	2.6753926	29.3
4	124.8	0.0	2.6754005	29.3
4	124.9	0.0	2.6754174	29.3
4	125.0	0.0	2.6754265	29.3
4	125.1	0.0	2.6754549	29.3
4	125.2	0.0	2.6754854	29.3
4	125.3	0.0	2.675487	29.3
4	125.4	0.0	2.6755197	29.3
4	125.5	0.0	2.6755354	29.3
4	125.6	0.0	2.6755323	29.3
4	125.7	0.0	2.6755319	29.5
4	125.8	0.0	2.6755426	29.5
4	125.9	0.0	2.6755583	29.5
4	126.0	0.0	2.6755807	29.5
4	126.1	0.0	2.6755903	29.5
4	126.2	0.0	2.6756227	29.5
4	126.3	0.0	2.6756194	29.5
4	126.4	0.0	2.6756258	29.5
4	126.5	0.0	2.6756444	29.5
4	126.6	0.0	2.6756687	29.5
4	126.7	0.0	2.6756897	29.5
4	126.8	0.0	2.6756952	29.5
4	126.9	0.0	2.675717	29.5
4	127.0	0.0	2.6757364	29.5
4	127.1	0.0	2.6757486	29.5
4	127.2	0.0	2.6757686	29.5
4	127.3	0.0	2.675774	29.5
4	127.4	0.0	2.675808	29.5
4	127.5	0.0	2.6758146	29.5
4	127.6	0.0	2.6758308	29.5
4	127.7	0.0	2.6758423	29.5
4	127.8	0.0	2.675849	29.5
4	127.9	0.0	2.675878	29.5
4	128.0	0.0	2.6758819	29.5
4	128.1	0.0	2.675898	29.5
4	128.2	0.0	2.675909	29.5
4	128.3	0.0	2.6759295	29.5
4	128.4	0.0	2.6759431	29.5
4	128.5	0.0	2.6759536	29.3
4	128.6	0.0	2.6759531	29.3
4	128.7	0.0	2.675978	29.3
4	128.8	0.0	2.6759925	29.3
4	128.9	0.0	2.6759915	29.3
4	129.0	0.0	2.6760113	29.3
4	129.1	0.0	2.6760254	29.3
4	129.2	0.0	2.6760361	29.3
4	129.3	0.0	2.6760597	29.3
4	129.4	0.0	2.6760578	29.3
4	129.5	0.0	2.6760602	29.3
4	129.6	0.0	2.676098	29.3
4	129.7	0.0	2.6760888	29.3
4	129.8	0.0	2.6760864	29.3
4	129.9	0.0	2.6761155	29.3
4	130.0	0.0	2.6761546	29.3
4	130.1	0.0	2.6761737	29.3
4	130.2	0.0	2.6761506	29.3
4	130.3	0.0	2.6761718	29.3
4	130.4	0.0	2.6761699	29.3
4	130.5	0.0	2.676162	29.3
4	130.6	0.0	2.6761765	29.3
4	130.7	0.0	2.6761773	29.3
4	130.8	0.0	2.676178	29.3
4	130.9	0.0	2.6762245	29.3
4	131.0	0.0	2.676222	29.3
4	131.1	0.0	2.6762292	29.3
4	131.2	0.0	2.676267	29.3
4	131.3	0.0	2.6763093	29.3
4	131.4	0.0	2.6763225	29.3
4	131.5	0.0	2.676339	29.3
4	131.6	0.0	2.676366	29.3
4	131.7	0.0	2.6763735	29.3
4	131.8	0.0	2.6763752	29.3
4	131.9	0.0	2.6763818	29.5
4	132.0	0.0	2.6764002	29.5
4	132.1	0.0	2.6764183	29.3
4	132.2	0.0	2.6764324	29.3
4	132.3	0.0	2.6764624	29.5
4	132.4	0.0	2.6764615	29.5
4	132.5	0.0	2.6764607	29.5
4	132.6	0.0	2.6764667	29.3
4	132.7	0.0	2.6764672	29.3
4	132.8	0.0	2.6764808	29.3
4	132.9	0.0	2.6765122	29.3
4	133.0	0.0	2.6765356	29.3
4	133.1	0.0	2.6765442	29.3
4	133.2	0.0	2.6765587	29.3
4	133.3	0.0	2.6765714	29.3
4	133.4	0.0	2.6765854	29.3
4	133.5	0.0	2.6766095	29.3
4	133.6	0.0	2.676606	29.3
4	133.7	0.0	2.676602	29.3
4	133.8	0.0	2.6766343	29.3
4	133.9	0.0	2.676643	29.3
4	134.0	0.0	2.676656	29.3
4	134.1	0.0	2.6766846	29.5
4	134.2	0.0	2.6766992	29.5
4	134.3	0.0	2.676715	29.5
4	134.4	0.0	2.6767247	29.5
4	134.5	0.0	2.6767447	29.5
4	134.6	0.0	2.6767476	29.5
4	134.7	0.0	2.6767476	29.3
4	134.8	0.0	2.6767526	29.3
4	134.9	0.0	2.676784	29.3
4	135.0	0.0	2.676794	29.5
4	135.1	0.0	2.6768045	29.5
4	135.2	0.0	2.676816	29.5
4	135.3	0.0	2.6768408	29.3
4	135.4	0.0	2.676847	29.3
4	135.5	0.0	2.6768553	29.3
4	135.6	0.0	2.6768517	29.3
4	135.7	0.0	2.6768918	29.3
4	135.8	0.0	2.6769118	29.3
4	135.9	0.0	2.6769147	29.5
4	136.0	0.0	2.6769402	29.5
4	136.1	0.0	2.6769328	29.5
4	136.2	0.0	2.6769607	29.5
4	136.3	0.0	2.6769662	29.5
4	136.4	0.0	2.6769826	29.5
4	136.5	0.0	2.6769886	29.5
4	136.6	0.0	2.6769922	29.5
4	136.7	0.0	2.6770062	29.5
4	136.8	0.0	2.6770353	29.5
4	136.9	0.0	2.677034	29.5
4	137.0	0.0	2.6770353	29.5
4	137.1	0.0	2.6770322	29.5
4	137.2	0.0	2.6770654	29.5
4	137.3	0.0	2.6770697	29.5
4	137.4	0.0	2.6770735	29.5
4	137.5	0.0	2.6771042	29.5
4	137.6	0.0	2.6771133	29.5
4	137.7	0.0	2.6771183	29.5
4	137.8	0.0	2.6771283	29.5
4	137.9	0.0	2.6771486	29.5
4	138.0	0.0	2.6771655	29.5
4	138.1	0.0	2.6771631	29.5
4	138.2	0.0	2.6771884	29.5
4	138.3	0.0	2.677197	29.5
4	138.4	0.0	2.6772268	29.5
4	138.5	0.0	2.6772494	29.5
4	138.6	0.0	2.6772525	29.5
4	138.7	0.0	2.677281	29.5
4	138.8	0.0	2.6772592	29.5
4	138.9	0.0	2.6772873	29.4
4	139.0	0.0	2.6772978	29.4
4	139.1	0.0	2.6772902	29.4
4	139.2	0.0	2.6773107	29.4
4	139.3	0.0	2.6773326	29.4
4	139.4	0.0	2.677355	29.4
4	139.5	0.0	2.6773543	29.4
4	139.6	0.0	2.6773508	29.4
4	139.7	0.0	2.6773682	29.4
4	139.8	0.0	2.6773803	29.4
4	139.9	0.0	2.677401	29.4
4	140.0	0.0	2.6774108	29.4
4	140.1	0.0	2.6774004	29.4
4	140.2	0.0	2.6773915	29.4
4	140.3	0.0	2.6773996	29.4
4	140.4	0.0	2.677448	29.4
4	140.5	0.0	2.677469	29.4
4	140.6	0.0	2.6774664	29.4
4	140.7	0.0	2.6774747	29.4
4	140.8	0.0	2.6774924	29.4
4	140.9	0.0	2.677515	29.4
4	141.0	0.0	2.6775231	29.4
4	141.1	0.0	2.6775541	29.4
4	141.2	0.0	2.6775446	29.4
4	141.3	0.0	2.67753	29.4
4	141.4	0.0	2.677588	29.4
4	141.5	0.0	2.6775804	29.4
4	141.6	0.0	2.6775925	29.4
4	141.7	0.0	2.6776037	29.4
4	141.8	0.0	2.6776402	29.4
4	141.9	0.0	2.677649	29.4
4	142.0	0.0	2.6776395	29.4
4	142.1	0.0	2.6776662	29.4
4	142.2	0.0	2.6776977	29.4
4	142.3	0.0	2.6776922	29.4
4	142.4	0.0	2.6776996	29.4
4	142.5	0.0	2.6777153	29.4
4	142.6	0.0	2.6777177	29.4
4	142.7	0.0	2.677726	29.4
4	142.8	0.0	2.6777427	29.4
4	142.9	0.0	2.677745	29.4
4	143.0	0.0	2.6777499	29.4
4	143.1	0.0	2.6777775	29.4
4	143.2	0.0	2.6777806	29.4
4	143.3	0.0	2.6778073	29.4
4	143.4	0.0	2.6778226	29.4
4	143.5	0.0	2.6778412	29.4
4	143.6	0.0	2.6778429	29.4
4	143.7	0.0	2.6778395	29.4
4	143.8	0.0	2.6778564	29.4
4	143.9	0.0	2.6778889	29.4
4	144.0	0.0	2.6778831	29.4
4	144.1	0.0	2.6779048	29.4
4	144.2	0.0	2.6779315	29.4
4	144.3	0.0	2.6778884	29.4
4	144.4	0.0	2.677903	29.4
4	144.5	0.0	2.6779373	29.4
4	144.6	0.0	2.677949	29.4
4	144.7	0.0	2.6779761	29.4
4	144.8	0.0	2.6779828	29.4
4	144.9	0.0	2.6779847	29.4
4	145.0	0.0	2.6779962	29.4
4	145.1	0.0	2.6780143	29.4
4	145.2	0.0	2.6780236	29.4
4	145.3	0.0	2.6780488	29.4
4	145.4	0.0	2.6780696	29.4
4	145.5	0.0	2.678085	29.4
4	145.6	0.0	2.6780665	29.4
4	145.7	0.0	2.6780753	29.4
4	145.8	0.0	2.6780882	29.4
4	145.9	0.0	2.6780949	29.4
4	146.0	0.0	2.678105	29.4
4	146.1	0.0	2.6781247	29.4
4	146.2	0.0	2.6781476	29.4
4	146.3	0.0	2.6781633	29.4
4	146.4	0.0	2.6781578	29.4
4	146.5	0.0	2.6781843	29.4
4	146.6	0.0	2.6781979	29.4
4	146.7	0.0	2.6781955	29.4
4	146.8	0.0	2.6782105	29.4
4	146.9	0.0	2.6782117	29.4
4	147.0	0.0	2.6782057	29.4
4	147.1	0.0	2.6782255	29.4
4	147.2	0.0	2.678256	29.4
4	147.3	0.0	2.6782594	29.4
4	147.4	0.0	2.6782634	29.4
4	147.5	0.0	2.678273	29.4
4	147.6	0.0	2.6782885	29.4
4	147.7	0.0	2.6782959	29.4
4	147.8	0.0	2.6783054	29.4
4	147.9	0.0	2.6783214	29.4
4	148.0	0.0	2.6783257	29.4
4	148.1	0.0	2.6783473	29.4
4	148.2	0.0	2.6783724	29.4
4	148.3	0.0	2.6783874	29.4
4	148.4	0.0	2.6783934	29.4
4	148.5	0.0	2.6784086	29.4
4	148.6	0.0	2.6784096	29.4
4	148.7	0.0	2.6784165	29.4
4	148.8	0.0	2.6784217	29.4
4	148.9	0.0	2.678433	29.4
4	149.0	0.0	2.678465	29.4
4	149.1	0.0	2.6784644	29.4
4	149.2	0.0	2.678441	29.4
4	149.3	0.0	2.6784644	29.4
4	149.4	0.0	2.678508	29.4
4	149.5	0.0	2.6785226	29.4
4	149.6	0.0	2.6785321	29.4
4	149.7	0.0	2.678529	29.4
4	149.8	0.0	2.678535	29.4
4	149.9	0.0	2.678554	29.4
4	150.0	0.0	2.6785476	29.4
4	150.1	0.0	2.6785574	29.4
4	150.2	0.0	2.6785798	29.4
4	150.3	0.0	2.6786072	29.4
4	150.4	0.0	2.6786072	29.4
4	150.5	0.0	2.6785798	29.4
4	150.6	0.0	2.6786113	29.4
4	150.7	0.0	2.678632	29.4
4	150.8	0.0	2.6786265	29.4
4	150.9	0.0	2.6786623	29.4
4	151.0	0.0	2.6786768	29.4
4	151.1	0.0	2.6786776	29.4
4	151.2	0.0	2.678684	29.4
4	151.3	0.0	2.6787016	29.4
4	151.4	0.0	2.678713	29.4
4	151.5	0.0	2.6787374	29.4
4	151.6	0.0	2.6787462	29.4
4	151.7	0.0	2.6787496	29.4
4	151.8	0.0	2.6787527	29.4
4	151.9	0.0	2.6787627	29.4
4	152.0	0.0	2.6787996	29.4
4	152.1	0.0	2.6787906	29.4
4	152.2	0.0	2.678773	29.4
4	152.3	0.0	2.678793	29.4
4	152.4	0.0	2.6788092	29.4
4	152.5	0.0	2.6788132	29.4
4	152.6	0.0	2.6788294	29.4
4	152.7	0.0	2.678861	29.4
4	152.8	0.0	2.678864	29.4
4	152.9	0.0	2.6788547	29.4
4	153.0	0.0	2.6788762	29.4
4	153.1	0.0	2.6788826	29.4
4	153.2	0.0	2.6788876	29.4
4	153.3	0.0	2.6789134	29.4
4	153.4	0.0	2.6789415	29.4
4	153.5	0.0	2.6789424	29.4
4	153.6	0.0	2.6789455	29.4
4	153.7	0.0	2.6789396	29.4
4	153.8	0.0	2.6789498	29.4
4	153.9	0.0	2.6789658	29.4
4	154.0	0.0	2.6789892	29.4
4	154.1	0.0	2.6789973	29.4
4	154.2	0.0	2.6790142	29.4
4	154.3	0.0	2.6790257	29.4
4	154.4	0.0	2.6790473	29.4
4	154.5	0.0	2.6790528	29.4
4	154.6	0.0	2.6790679	29.4
4	154.7	0.0	2.679063	29.4
4	154.8	0.0	2.6790595	29.4
4	154.9	0.0	2.679078	29.4
4	155.0	0.0	2.6790771	29.4
4	155.1	0.0	2.6791189	29.4
4	155.2	0.0	2.6791236	29.4
4	155.3	0.0	2.6791453	29.4
4	155.4	0.0	2.6791527	29.4
4	155.5	0.0	2.6791272	29.4
4	155.6	0.0	2.679137	29.4
4	155.7	0.0	2.6791453	29.4
4	155.8	0.0	2.6791654	29.4
4	155.9	0.0	2.6791775	29.4
4	156.0	0.0	2.6791794	29.4
4	156.1	0.0	2.6791894	29.4
4	156.2	0.0	2.6792011	29.4
4	156.3	0.0	2.6792226	29.4
4	156.4	0.0	2.679225	29.4
4	156.5	0.0	2.6792428	29.4
4	156.6	0.0	2.679254	29.4
4	156.7	0.0	2.6792495	29.4
4	156.8	0.0	2.679264	29.4
4	156.9	0.0	2.6792448	29.4
4	157.0	0.0	2.6792629	29.4
4	157.1	0.0	2.6793025	29.4
4	157.2	0.0	2.679309	29.4
4	157.3	0.0	2.6793077	29.4
4	157.4	0.0	2.6793187	29.4
4	157.5	0.0	2.6793537	29.4
4	157.6	0.0	2.67936	29.4
4	157.7	0.0	2.679359	29.4
4	157.8	0.0	2.679367	29.4
4	157.9	0.0	2.679404	29.4
4	158.0	0.0	2.6793945	29.4
4	158.1	0.0	2.6793876	29.4
4	158.2	0.0	2.679401	29.4
4	158.3	0.0	2.6794221	29.4
4	158.4	0.0	2.6794212	29.4
4	158.5	0.0	2.6794374	29.4
4	158.6	0.0	2.679438	29.4
4	158.7	0.0	2.6794434	29.4
4	158.8	0.0	2.6794555	29.4
4	158.9	0.0	2.6795003	29.4
4	159.0	0.0	2.6794937	29.4
4	159.1	0.0	2.6794705	29.4
4	159.2	0.0	2.6794922	29.4
4	159.3	0.0	2.679505	29.4
4	159.4	0.0	2.6795099	29.4
4	159.5	0.0	2.6795354	29.4
4	159.6	0.0	2.6795547	29.4
4	159.7	0.0	2.679565	29.4
4	159.8	0.0	2.6795743	29.4
4	159.9	0.0	2.6795716	29.4
4	160.0	0.0	2.679593	29.4
4	160.1	0.0	2.6795704	29.4
4	160.2	0.0	2.6795692	29.4
4	160.3	0.0	2.6795738	29.4
4	160.4	0.0	2.6795917	29.4
4	160.5	0.0	2.679636	29.4
4	160.6	0.0	2.6796541	29.4
4	160.7	0.0	2.679656	29.4
4	160.8	0.0	2.679656	29.4
4	160.9	0.0	2.679671	29.4
4	161.0	0.0	2.6796892	29.4
4	161.1	0.0	2.6796954	29.4
4	161.2	0.0	2.6796978	29.4
4	161.3	0.0	2.6797304	29.4
4	161.4	0.0	2.679705	29.4
4	161.5	0.0	2.6797223	29.4
4	161.6	0.0	2.679736	29.4
4	161.7	0.0	2.6797485	29.4
4	161.8	0.0	2.679766	29.4
4	161.9	0.0	2.6797538	29.4
4	162.0	0.0	2.679782	29.4
4	162.1	0.0	2.679828	29.4
4	162.2	0.0	2.6798193	29.4
4	162.3	0.0	2.6798067	29.4
4	162.4	0.0	2.6798134	29.4
4	162.5	0.0	2.679832	29.4
4	162.6	0.0	2.6798453	29.4
4	162.7	0.0	2.6798382	29.4
4	162.8	0.0	2.6798363	29.4
4	162.9	0.0	2.6798303	29.4
4	163.0	0.0	2.6798794	29.4
4	163.1	0.0	2.679886	29.4
4	163.2	0.0	2.6799011	29.4
4	163.3	0.0	2.6799273	29.4
4	163.4	0.0	2.6799138	29.4
4	163.5	0.0	2.679921	29.4
4	163.6	0.0	2.679925	29.4
4	163.7	0.0	2.6799395	29.4
4	163.8	0.0	2.6799588	29.4
4	163.9	0.0	2.6799774	29.4
4	164.0	0.0	2.6799605	29.4
4	164.1	0.0	2.6799593	29.4
4	164.2	0.0	2.6799927	29.4
4	164.3	0.0	2.6800048	29.2
4	164.4	0.0	2.679999	29.2
4	164.5	0.0	2.6800222	29.2
4	164.6	0.0	2.680029	29.2
4	164.7	0.0	2.6800363	29.2
4	164.8	0.0	2.680049	29.2
4	164.9	0.0	2.6800876	29.2
4	165.0	0.0	2.680064	29.2
4	165.1	0.0	2.6800537	29.3
4	165.2	0.0	2.6800816	29.3
4	165.3	0.0	2.6801016	29.3
4	165.4	0.0	2.6800997	29.3
4	165.5	0.0	2.680126	29.3
4	165.6	0.0	2.6801438	29.3
4	165.7	0.0	2.6801405	29.3
4	165.8	0.0	2.6801445	29.3
4	165.9	0.0	2.6801445	29.3
4	166.0	0.0	2.6801524	29.3
4	166.1	0.0	2.680173	29.3
4	166.2	0.0	2.6801984	29.3
4	166.3	0.0	2.6802063	29.3
4	166.4	0.0	2.6802015	29.3
4	166.5	0.0	2.680219	29.3
4	166.6	0.0	2.6802173	29.3
4	166.7	0.0	2.680233	29.1
4	166.8	0.0	2.680231	29.1
4	166.9	0.0	2.6802452	29.1
4	167.0	0.0	2.6802688	29.1
4	167.1	0.0	2.6802802	29.1
4	167.2	0.0	2.6802711	29.1
4	167.3	0.0	2.6802826	29.1
4	167.4	0.0	2.680307	29.1
4	167.5	0.0	2.6803007	29.1
4	167.6	0.0	2.6803012	29.1
4	167.7	0.0	2.680288	29.1
4	167.8	0.0	2.6802897	29.1
4	167.9	0.0	2.6803043	29.1
4	168.0	0.0	2.680328	29.1
4	168.1	0.0	2.6803455	29.1
4	168.2	0.0	2.680354	29.1
4	168.3	0.0	2.6803691	29.1
4	168.4	0.0	2.680371	29.1
4	168.5	0.0	2.6803706	29.1
4	168.6	0.0	2.6803956	29.1
4	168.7	0.0	2.6804044	29.1
4	168.8	0.0	2.6804504	29.1
4	168.9	0.0	2.6804552	29.1
4	169.0	0.0	2.6804423	29.1
4	169.1	0.0	2.6804388	29.3
4	169.2	0.0	2.6804352	29.3
4	169.3	0.0	2.6804528	29.3
4	169.4	0.0	2.6804562	29.3
4	169.5	0.0	2.680478	29.3
4	169.6	0.0	2.680486	29.3
4	169.7	0.0	2.6805005	29.3
4	169.8	0.0	2.6804981	29.3
4	169.9	0.0	2.6804981	29.3
4	170.0	0.0	2.6805212	29.3
4	170.1	0.0	2.6805296	29.3
4	170.2	0.0	2.6805272	29.3
4	170.3	0.0	2.6805449	29.3
4	170.4	0.0	2.6805358	29.3
4	170.5	0.0	2.6805332	29.3
4	170.6	0.0	2.680541	29.3
4	170.7	0.0	2.680566	29.3
4	170.8	0.0	2.6805894	29.3
4	170.9	0.0	2.6806016	29.3
4	171.0	0.0	2.6806102	29.3
4	171.1	0.0	2.6806152	29.3
4	171.2	0.0	2.6806393	29.3
4	171.3	0.0	2.6806374	29.3
4	171.4	0.0	2.680635	29.3
4	171.5	0.0	2.680632	29.3
4	171.6	0.0	2.6806283	29.3
4	171.7	0.0	2.6806471	29.3
4	171.8	0.0	2.680652	29.3
4	171.9	0.0	2.6806936	29.3
4	172.0	0.0	2.6806931	29.1
4	172.1	0.0	2.6806955	29.1
4	172.2	0.0	2.6806927	29.3
4	172.3	0.0	2.6807172	29.3
4	172.4	0.0	2.6807313	29.1
4	172.5	0.0	2.6807468	29.1
4	172.6	0.0	2.6807687	29.1
4	172.7	0.0	2.6807613	29.1
4	172.8	0.0	2.6807635	29.1
4	172.9	0.0	2.680784	29.1
4	173.0	0.0	2.6808167	29.1
4	173.1	0.0	2.6808155	29.3
4	173.2	0.0	2.6808143	29.3
4	173.3	0.0	2.6808307	29.3
4	173.4	0.0	2.6808336	29.3
4	173.5	0.0	2.6808414	29.3
4	173.6	0.0	2.6808276	29.3
4	173.7	0.0	2.6808517	29.3
4	173.8	0.0	2.680847	29.3
4	173.9	0.0	2.680836	29.3
4	174.0	0.0	2.6808457	29.3
4	174.1	0.0	2.6808977	29.3
4	174.2	0.0	2.6808865	29.3
4	174.3	0.0	2.6808858	29.3
4	174.4	0.0	2.680899	29.3
4	174.5	0.0	2.6809082	29.3
4	174.6	0.0	2.6809335	29.3
4	174.7	0.0	2.6809664	29.3
4	174.8	0.0	2.6809711	29.3
4	174.9	0.0	2.6809669	29.3
4	175.0	0.0	2.6809583	29.3
4	175.1	0.0	2.6809664	29.3
4	175.2	0.0	2.6809785	29.2
4	175.3	0.0	2.6810043	29.2
4	175.4	0.0	2.6810076	29.2
4	175.5	0.0	2.681002	29.3
4	175.6	0.0	2.6810043	29.3
4	175.7	0.0	2.6810298	29.3
4	175.8	0.0	2.681037	29.2
4	175.9	0.0	2.681037	29.2
4	176.0	0.0	2.6810462	29.3
4	176.1	0.0	2.681035	29.3
4	176.2	0.0	2.6810374	29.3
4	176.3	0.0	2.681037	29.3
4	176.4	0.0	2.6810346	29.3
4	176.5	0.0	2.6810908	29.3
4	176.6	0.0	2.681112	29.3
4	176.7	0.0	2.6811237	29.3
4	176.8	0.0	2.6811311	29.3
4	176.9	0.0	2.6811411	29.3
4	177.0	0.0	2.6811514	29.3
4	177.1	0.0	2.681148	29.3
4	177.2	0.0	2.681151	29.3
4	177.3	0.0	2.6811707	29.3
4	177.4	0.0	2.6811824	29.1
4	177.5	0.0	2.6811922	29.1
4	177.6	0.0	2.6812096	29.1
4	177.7	0.0	2.6812096	29.1
4	177.8	0.0	2.6812103	29.1
4	177.9	0.0	2.6812143	29.1
4	178.0	0.0	2.6812139	29.1
4	178.1	0.0	2.6812344	29.1
4	178.2	0.0	2.6812406	29.1
4	178.3	0.0	2.6812708	29.1
4	178.4	0.0	2.681301	29.1
4	178.5	0.0	2.6812885	29.1
4	178.6	0.0	2.6812918	29.1
4	178.7	0.0	2.6813095	29.1
4	178.8	0.0	2.6813185	29.1
4	178.9	0.0	2.6813257	29.1
4	179.0	0.0	2.681332	29.1
4	179.1	0.0	2.6813688	29.1
4	179.2	0.0	2.6813543	29.1
4	179.3	0.0	2.6813605	29.1
4	179.4	0.0	2.681353	29.1
4	179.5	0.0	2.6813548	29.1
4	179.6	0.0	2.681364	29.1
4	179.7	0.0	2.681381	29.1
4	179.8	0.0	2.6814082	29.1
4	179.9	0.0	2.681409	29.1
4	180.0	0.0	2.6814246	29.1
4	180.1	0.0	2.6814258	29.1
4	180.2	0.0	2.6814265	29.1
4	180.3	0.0	2.681444	29.1
4	180.4	0.0	2.681441	29.1
4	180.5	0.0	2.6814458	29.1
4	180.6	0.0	2.681462	29.1
4	180.7	0.0	2.6814702	29.1
4	180.8	0.0	2.6814797	29.1
4	180.9	0.0	2.6814597	29.1
4	181.0	0.0	2.6814888	29.1
4	181.1	0.0	2.6815202	29.1
4	181.2	0.0	2.6815202	29.1
4	181.3	0.0	2.6815438	29.1
4	181.4	0.0	2.6815264	29.1
4	181.5	0.0	2.6815324	29.1
4	181.6	0.0	2.6815548	29.1
4	181.7	0.0	2.681573	29.1
4	181.8	0.0	2.681548	29.1
4	181.9	0.0	2.681567	29.1
4	182.0	0.0	2.6815784	29.1
4	182.1	0.0	2.6815917	29.1
4	182.2	0.0	2.6815844	29.1
4	182.3	0.0	2.6815882	29.1
4	182.4	0.0	2.681611	29.1
4	182.5	0.0	2.6815994	29.1
4	182.6	0.0	2.681614	29.1
4	182.7	0.0	2.6816244	29.1
4	182.8	0.0	2.6816494	29.1
4	182.9	0.0	2.6816487	29.1
4	183.0	0.0	2.6816523	29.1
4	183.1	0.0	2.681646	29.1
4	183.2	0.0	2.681657	29.1
4	183.3	0.0	2.6816947	29.1
4	183.4	0.0	2.6816955	29.1
4	183.5	0.0	2.681672	29.1
4	183.6	0.0	2.6816885	29.1
4	183.7	0.0	2.6817148	29.1
4	183.8	0.0	2.681725	29.1
4	183.9	0.0	2.6817188	29.1
4	184.0	0.0	2.6817303	29.1
4	184.1	0.0	2.681756	29.1
4	184.2	0.0	2.6817632	29.1
4	184.3	0.0	2.681752	29.1
4	184.4	0.0	2.68174	29.1
4	184.5	0.0	2.6817544	29.1
4	184.6	0.0	2.6817746	29.1
4	184.7	0.0	2.681786	29.1
4	184.8	0.0	2.6818078	29.1
4	184.9	0.0	2.681798	29.1
4	185.0	0.0	2.6818223	29.1
4	185.1	0.0	2.6818364	29.1
4	185.2	0.0	2.6818392	29.1
4	185.3	0.0	2.681831	29.1
4	185.4	0.0	2.681846	29.1
4	185.5	0.0	2.6818576	29.1
4	185.6	0.0	2.6818674	29.2
4	185.7	0.0	2.681846	29.2
4	185.8	0.0	2.6818485	29.2
4	185.9	0.0	2.6818626	29.2
4	186.0	0.0	2.6818843	29.2
4	186.1	0.0	2.6818883	29.2
4	186.2	0.0	2.6818988	29.2
4	186.3	0.0	2.681898	29.2
4	186.4	0.0	2.681903	29.2
4	186.5	0.0	2.6819181	29.2
4	186.6	0.0	2.6819265	29.2
4	186.7	0.0	2.68195	29.2
4	186.8	0.0	2.681952	29.2
4	186.9	0.0	2.6819289	29.2
4	187.0	0.0	2.6819284	29.2
4	187.1	0.0	2.681961	29.2
4	187.2	0.0	2.6819675	29.2
4	187.3	0.0	2.6819847	29.2
4	187.4	0.0	2.681974	29.2
4	187.5	0.0	2.68195	29.2
4	187.6	0.0	2.6819506	29.2
4	187.7	0.0	2.6819658	29.2
4	187.8	0.0	2.6819642	29.2
4	187.9	0.0	2.6819894	29.2
4	188.0	0.0	2.681999	29.2
4	188.1	0.0	2.6819804	29.2
4	188.2	0.0	2.6820023	29.2
4	188.3	0.0	2.6820257	29.2
4	188.4	0.0	2.6820402	29.2
4	188.5	0.0	2.6820326	29.2
4	188.6	0.0	2.682041	29.2
4	188.7	0.0	2.6820374	29.2
4	188.8	0.0	2.6820264	29.2
4	188.9	0.0	2.6820433	29.2
4	189.0	0.0	2.682044	29.2
4	189.1	0.0	2.6820621	29.2
4	189.2	0.0	2.6820781	29.2
4	189.3	0.0	2.682087	29.2
4	189.4	0.0	2.6821148	29.2
4	189.5	0.0	2.6821415	29.2
4	189.6	0.0	2.6821368	29.2
4	189.7	0.0	2.6821387	29.2
4	189.8	0.0	2.6821516	29.2
4	189.9	0.0	2.6821573	29.2
4	190.0	0.0	2.6821585	29.2
4	190.1	0.0	2.6821487	29.2
4	190.2	0.0	2.6821778	29.2
4	190.3	0.0	2.682171	29.1
4	190.4	0.0	2.6821706	29.1
4	190.5	0.0	2.6821876	29.1
4	190.6	0.0	2.6821637	29.1
4	190.7	0.0	2.6821725	29.1
4	190.8	0.0	2.6822002	29.1
4	190.9	0.0	2.682197	29.1
4	191.0	0.0	2.682221	29.1
4	191.1	0.0	2.6822138	29.1
4	191.2	0.0	2.6822293	29.1
4	191.3	0.0	2.6822524	29.1
4	191.4	0.0	2.6822703	29.1
4	191.5	0.0	2.6822917	29.1
4	191.6	0.0	2.6822572	29.1
4	191.7	0.0	2.682267	29.1
4	191.8	0.0	2.6822937	29.1
4	191.9	0.0	2.682299	29.1
4	192.0	0.0	2.6823106	29.1
4	192.1	0.0	2.682334	29.1
4	192.2	0.0	2.682314	29.1
4	192.3	0.0	2.6823163	29.1
4	192.4	0.0	2.6823316	29.1
4	192.5	0.0	2.6823163	29.1
4	192.6	0.0	2.682326	29.1
4	192.7	0.0	2.6823323	29.1
4	192.8	0.0	2.6823401	29.1
4	192.9	0.0	2.6823697	29.1
4	193.0	0.0	2.6823752	29.1
4	193.1	0.0	2.6823788	29.1
4	193.2	0.0	2.682403	29.1
4	193.3	0.0	2.6824286	29.1
4	193.4	0.0	2.6824098	29.1
4	193.5	0.0	2.6824148	29.1
4	193.6	0.0	2.68242	29.1
4	193.7	0.0	2.6824334	29.1
4	193.8	0.0	2.682426	29.1
4	193.9	0.0	2.6824584	29.1
4	194.0	0.0	2.6824696	29.1
4	194.1	0.0	2.6824696	29.1
4	194.2	0.0	2.6824794	29.1
4	194.3	0.0	2.6824708	29.1
4	194.4	0.0	2.682481	29.1
4	194.5	0.0	2.6824858	29.1
4	194.6	0.0	2.6825194	29.1
4	194.7	0.0	2.6825156	29.1
4	194.8	0.0	2.6824956	29.1
4	194.9	0.0	2.682512	29.1
4	195.0	0.0	2.682536	29.1
4	195.1	0.0	2.6825392	29.1
4	195.2	0.0	2.6825285	29.1
4	195.3	0.0	2.6825242	29.1
4	195.4	0.0	2.6825569	29.1
4	195.5	0.0	2.6825702	29.1
4	195.6	0.0	2.6825945	29.1
4	195.7	0.0	2.6825883	29.1
4	195.8	0.0	2.6825576	29.1
4	195.9	0.0	2.6825702	29.1
4	196.0	0.0	2.6825988	29.1
4	196.1	0.0	2.6825945	29.1
4	196.2	0.0	2.682598	29.1
4	196.3	0.0	2.6826115	29.1
4	196.4	0.0	2.682636	29.1
4	196.5	0.0	2.6826453	29.1
4	196.6	0.0	2.6826594	29.1
4	196.7	0.0	2.6826828	29.1
4	196.8	0.0	2.6826894	29.1
4	196.9	0.0	2.6827016	29.1
4	197.0	0.0	2.6826942	29.1
4	197.1	0.0	2.6826918	29.1
4	197.2	0.0	2.6827059	29.1
4	197.3	0.0	2.682715	29.1
4	197.4	0.0	2.6827118	29.1
4	197.5	0.0	2.6827111	29.1
4	197.6	0.0	2.6827004	29.1
4	197.7	0.0	2.6827185	29.1
4	197.8	0.0	2.6827345	29.1
4	197.9	0.0	2.6827288	29.1
4	198.0	0.0	2.6827476	29.1
4	198.1	0.0	2.6827567	29.1
4	198.2	0.0	2.682762	29.1
4	198.3	0.0	2.682759	29.1
4	198.4	0.0	2.6827538	29.1
4	198.5	0.0	2.682759	29.1
4	198.6	0.0	2.6827652	29.1
4	198.7	0.0	2.6827755	29.1
4	198.8	0.0	2.6827886	29.1
4	198.9	0.0	2.6827736	29.1
4	199.0	0.0	2.682807	29.1
4	199.1	0.0	2.6828003	29.1
4	199.2	0.0	2.6828074	29.1
4	199.3	0.0	2.6828337	29.1
4	199.4	0.0	2.682833	29.1
4	199.5	0.0	2.682825	29.1
4	199.6	0.0	2.6828177	29.1
4	199.7	0.0	2.6828144	29.1
4	199.8	0.0	2.682845	29.1
4	199.9	0.0	2.682851	29.1
4	200.0	0.0	2.682833	29.1
4	200.1	0.0	2.6828458	29.1
4	200.2	0.0	2.6828718	29.1
4	200.3	0.0	2.6828766	29.1
4	200.4	0.0	2.6828735	29.1
4	200.5	0.0	2.6828597	29.1
4	200.6	0.0	2.6828585	29.1
4	200.7	0.0	2.6828864	29.1
4	200.8	0.0	2.6829026	29.1
4	200.9	0.0	2.6829257	29.1
4	201.0	0.0	2.682933	29.1
4	201.1	0.0	2.6829195	29.1
4	201.2	0.0	2.6829457	29.1
4	201.3	0.0	2.682975	29.1
4	201.4	0.0	2.6829627	29.1
4	201.5	0.0	2.6829548	29.1
4	201.6	0.0	2.682934	29.1
4	201.7	0.0	2.6829855	29.1
4	201.8	0.0	2.6829686	29.2
4	201.9	0.0	2.6829631	29.2
4	202.0	0.0	2.6829863	29.2
4	202.1	0.0	2.6829984	29.2
4	202.2	0.0	2.6830056	29.2
4	202.3	0.0	2.6830122	29.2
4	202.4	0.0	2.6830008	29.2
4	202.5	0.0	2.6829946	29.2
4	202.6	0.0	2.6830268	29.2
4	202.7	0.0	2.6830378	29.2
4	202.8	0.0	2.683057	29.2
4	202.9	0.0	2.6830528	29.2
4	203.0	0.0	2.68306	29.2
4	203.1	0.0	2.6830873	29.2
4	203.2	0.0	2.683076	29.2
4	203.3	0.0	2.6830988	29.2
4	203.4	0.0	2.6830983	29.2
4	203.5	0.0	2.6831381	29.2
4	203.6	0.0	2.6831346	29.2
4	203.7	0.0	2.6830976	29.2
4	203.8	0.0	2.6831188	29.2
4	203.9	0.0	2.683122	29.2
4	204.0	0.0	2.6831248	29.2
4	204.1	0.0	2.6831417	29.2
4	204.2	0.0	2.6831334	29.2
4	204.3	0.0	2.683143	29.2
4	204.4	0.0	2.6831665	29.2
4	204.5	0.0	2.6831713	29.2
4	204.6	0.0	2.683168	29.2
4	204.7	0.0	2.6831787	29.2
4	204.8	0.0	2.6831818	29.2
4	204.9	0.0	2.6832004	29.2
4	205.0	0.0	2.6832144	29.2
4	205.1	0.0	2.6832197	29.2
4	205.2	0.0	2.6832192	29.2
4	205.3	0.0	2.6832206	29.2
4	205.4	0.0	2.6832223	29.2
4	205.5	0.0	2.6832294	29.2
4	205.6	0.0	2.6832266	29.2
4	205.7	0.0	2.683236	29.2
4	205.8	0.0	2.6832478	29.2
4	205.9	0.0	2.6832407	29.2
4	206.0	0.0	2.6832464	29.2
4	206.1	0.0	2.6832755	29.2
4	206.2	0.0	2.6832907	29.2
4	206.3	0.0	2.6832647	29.2
4	206.4	0.0	2.6833036	29.2
4	206.5	0.0	2.683297	29.2
4	206.6	0.0	2.6832988	29.2
4	206.7	0.0	2.683307	29.2
4	206.8	0.0	2.6833112	29.2
4	206.9	0.0	2.683319	29.2
4	207.0	0.0	2.6833234	29.2
4	207.1	0.0	2.6833158	29.2
4	207.2	0.0	2.6833398	29.2
4	207.3	0.0	2.6833408	29.2
4	207.4	0.0	2.683358	29.2
4	207.5	0.0	2.6833384	29.2
4	207.6	0.0	2.6833525	29.2
4	207.7	0.0	2.683358	29.2
4	207.8	0.0	2.6833575	29.2
4	207.9	0.0	2.6833665	29.2
4	208.0	0.0	2.6833694	29.2
4	208.1	0.0	2.683384	29.2
4	208.2	0.0	2.6834126	29.2
4	208.3	0.0	2.6833844	29.2
4	208.4	0.0	2.6833682	29.2
4	208.5	0.0	2.683369	29.2
4	208.6	0.0	2.6833827	29.2
4	208.7	0.0	2.6833885	29.2
4	208.8	0.0	2.6833835	29.2
4	208.9	0.0	2.6833851	29.2
4	209.0	0.0	2.6833804	29.2
4	209.1	0.0	2.6834013	29.2
4	209.2	0.0	2.683407	29.2
4	209.3	0.0	2.683421	29.2
4	209.4	0.0	2.6834426	29.2
4	209.5	0.0	2.6834416	29.2
4	209.6	0.0	2.683424	29.2
4	209.7	0.0	2.6834571	29.2
4	209.8	0.0	2.6834571	29.2
4	209.9	0.0	2.683442	29.2
4	210.0	0.0	2.6834633	29.2
4	210.1	0.0	2.6834788	29.2
4	210.2	0.0	2.6834934	29.2
4	210.3	0.0	2.683505	29.2
4	210.4	0.0	2.6834984	29.2
4	210.5	0.0	2.6834974	29.2
4	210.6	0.0	2.6835015	29.2
4	210.7	0.0	2.6835008	29.2
4	210.8	0.0	2.683498	29.2
4	210.9	0.0	2.6834934	29.2
4	211.0	0.0	2.683487	29.2
4	211.1	0.0	2.6835008	29.2
4	211.2	0.0	2.683499	29.2
4	211.3	0.0	2.6835184	29.2
4	211.4	0.0	2.6835346	29.2
4	211.5	0.0	2.683529	29.2
4	211.6	0.0	2.683536	29.2
4	211.7	0.0	2.683559	29.2
4	211.8	0.0	2.6835778	29.2
4	211.9	0.0	2.683579	29.2
4	212.0	0.0	2.683588	29.2
4	212.1	0.0	2.683585	29.2
4	212.2	0.0	2.683582	29.2
4	212.3	0.0	2.6835735	29.2
4	212.4	0.0	2.6835887	29.2
4	212.5	0.0	2.683605	29.2
4	212.6	0.0	2.6836202	29.2
4	212.7	0.0	2.683646	29.2
4	212.8	0.0	2.6836455	29.2
4	212.9	0.0	2.6836336	29.2
4	213.0	0.0	2.6836274	29.2
4	213.1	0.0	2.6836524	29.2
4	213.2	0.0	2.683662	29.2
4	213.3	0.0	2.683671	29.2
4	213.4	0.0	2.6836796	29.2
4	213.5	0.0	2.6836848	29.2
4	213.6	0.0	2.6837025	29.2
4	213.7	0.0	2.6837056	29.2
4	213.8	0.0	2.6837106	29.2
4	213.9	0.0	2.6837115	29.2
4	214.0	0.0	2.6837032	29.2
4	214.1	0.0	2.6837206	29.2
4	214.2	0.0	2.6837444	29.2
4	214.3	0.0	2.6837478	29.2
4	214.4	0.0	2.6837642	29.2
4	214.5	0.0	2.683783	29.2
4	214.6	0.0	2.683772	29.2
4	214.7	0.0	2.6837776	29.2
4	214.8	0.0	2.6837678	29.2
4	214.9	0.0	2.683803	29.2
4	215.0	0.0	2.6838007	29.2
4	215.1	0.0	2.6838043	29.2
4	215.2	0.0	2.6838043	29.2
4	215.3	0.0	2.6838171	29.2
4	215.4	0.0	2.6838267	29.2
4	215.5	0.0	2.683851	29.2
4	215.6	0.0	2.683848	29.2
4	215.7	0.0	2.6838486	29.2
4	215.8	0.0	2.6838543	29.2
4	215.9	0.0	2.6838727	29.2
4	216.0	0.0	2.6838763	29.2
4	216.1	0.0	2.6838558	29.2
4	216.2	0.0	2.6838436	29.2
4	216.3	0.0	2.6838534	29.2
4	216.4	0.0	2.6838582	29.2
4	216.5	0.0	2.6838737	29.2
4	216.6	0.0	2.6838818	29.2
4	216.7	0.0	2.6839058	29.2
4	216.8	0.0	2.6839285	29.2
4	216.9	0.0	2.6839495	29.2
4	217.0	0.0	2.6839495	29.2
4	217.1	0.0	2.6839569	29.2
4	217.2	0.0	2.6839616	29.2
4	217.3	0.0	2.683947	29.2
4	217.4	0.0	2.6839623	29.2
4	217.5	0.0	2.6839714	29.2
4	217.6	0.0	2.6839507	29.2
4	217.7	0.0	2.6839519	29.2
4	217.8	0.0	2.683967	29.2
4	217.9	0.0	2.6840005	29.2
4	218.0	0.0	2.6839998	29.2
4	218.1	0.0	2.6839826	29.2
4	218.2	0.0	2.6839979	29.2
4	218.3	0.0	2.6840215	29.2
4	218.4	0.0	2.6840198	29.2
4	218.5	0.0	2.6840167	29.2
4	218.6	0.0	2.6840355	29.2
4	218.7	0.0	2.684053	29.2
4	218.8	0.0	2.6840367	29.2
4	218.9	0.0	2.684069	29.2
4	219.0	0.0	2.684056	29.2
4	219.1	0.0	2.6840568	29.2
4	219.2	0.0	2.684053	29.2
4	219.3	0.0	2.6840594	29.2
4	219.4	0.0	2.6840932	29.2
4	219.5	0.0	2.6841087	29.2
4	219.6	0.0	2.6841078	29.2
4	219.7	0.0	2.6840918	29.2
4	219.8	0.0	2.6840773	29.2
4	219.9	0.0	2.6840768	29.2
4	220.0	0.0	2.6841197	29.2
4	220.1	0.0	2.6841223	29.1
4	220.2	0.0	2.6841197	29.1
4	220.3	0.0	2.6841347	29.1
4	220.4	0.0	2.6841328	29.1
4	220.5	0.0	2.6841457	29.1
4	220.6	0.0	2.6841657	29.1
4	220.7	0.0	2.6841614	29.1
4	220.8	0.0	2.6841657	29.1
4	220.9	0.0	2.6841784	29.1
4	221.0	0.0	2.6841755	29.1
4	221.1	0.0	2.6841886	29.1
4	221.2	0.0	2.6841893	29.1
4	221.3	0.0	2.6841958	29.1
4	221.4	0.0	2.6841998	29.1
4	221.5	0.0	2.684199	29.1
4	221.6	0.0	2.6842148	29.1
4	221.7	0.0	2.6842256	29.1
4	221.8	0.0	2.6842275	29.1
4	221.9	0.0	2.6842136	29.1
4	222.0	0.0	2.6842172	29.1
4	222.1	0.0	2.6842346	29.1
4	222.2	0.0	2.6842365	29.1
4	222.3	0.0	2.6842535	29.1
4	222.4	0.0	2.6842604	29.1
4	222.5	0.0	2.6842685	29.1
4	222.6	0.0	2.6842668	29.1
4	222.7	0.0	2.6842918	29.1
4	222.8	0.0	2.6842947	29.1
4	222.9	0.0	2.6842942	29.1
4	223.0	0.0	2.6842976	29.1
4	223.1	0.0	2.6842911	29.1
4	223.2	0.0	2.6843145	29.1
4	223.3	0.0	2.6843169	29.1
4	223.4	0.0	2.6843233	29.1
4	223.5	0.0	2.6843286	29.1
4	223.6	0.0	2.6843655	29.1
4	223.7	0.0	2.6843717	29.1
4	223.8	0.0	2.684351	29.1
4	223.9	0.0	2.6843426	29.1
4	224.0	0.0	2.6843832	29.1
4	224.1	0.0	2.6843698	29.1
4	224.2	0.0	2.6843686	29.1
4	224.3	0.0	2.6843636	29.1
4	224.4	0.0	2.6843734	29.1
4	224.5	0.0	2.6844032	29.1
4	224.6	0.0	2.6843843	29.1
4	224.7	0.0	2.684409	29.1
4	224.8	0.0	2.6844177	29.1
4	224.9	0.0	2.6844084	29.1
4	225.0	0.0	2.6844065	29.1
5	225.001	0.0	2.684454	29.1
5	235.0	0.0	2.6849272	29.1
5	245.0	0.0	2.6854181	29.2
5	255.0	0.0	2.685932	29.2
5	265.0	0.0	2.6863685	29.2
5	275.0	0.0	2.6867511	29.1
5	285.0	0.0	2.6871774	29.2
5	295.0	0.0	2.6875832	29.2
5	305.0	0.0	2.6878853	29.4
5	315.0	0.0	2.6882155	29.3
5	325.0	0.0	2.688541	29.3
5	335.0	0.0	2.6888413	29.2
5	345.0	0.0	2.6890733	29.2
5	355.0	0.0	2.6893191	29.1
5	365.0	0.0	2.6895976	29.1
5	375.0	0.0	2.6898503	29.2
5	385.0	0.0	2.69007	29.2
5	395.0	0.0	2.6902912	29.3
5	405.0	0.0	2.6904757	29.3
5	415.0	0.0	2.6907058	29.3
5	425.0	0.0	2.6908512	29.4
5	435.0	0.0	2.6910655	29.4
5	445.0	0.0	2.6912787	29.5
5	455.0	0.0	2.6914415	29.2
5	465.0	0.0	2.6915822	29.4
5	475.0	0.0	2.6917353	29.3
5	485.0	0.0	2.6918616	29.3
5	495.0	0.0	2.6920166	29.3
5	505.0	0.0	2.6921942	29.3
5	515.0	0.0	2.6922982	29.1
5	525.0	0.0	2.6924243	29.2
5	535.0	0.0	2.6925752	29.3
5	545.0	0.0	2.6927433	29.1
5	555.0	0.0	2.692849	29.3
5	565.0	0.0	2.6929643	29.2
5	575.0	0.0	2.6930315	29.1
5	585.0	0.0	2.6931355	29.1
5	595.0	0.0	2.6932368	29.0
5	605.0	0.0	2.6933842	29.1
5	615.0	0.0	2.6934772	29.3
5	625.0	0.0	2.6935947	29.3
5	635.0	0.0	2.6936707	29.2
5	645.0	0.0	2.69368	29.4
5	655.0	0.0	2.6938355	29.3
5	665.0	0.0	2.6938767	29.2
5	675.0	0.0	2.6939683	29.3
5	685.0	0.0	2.694064	29.3
5	695.0	0.0	2.6941407	29.3
5	705.0	0.0	2.6942117	29.2
5	715.0	0.0	2.6943147	29.0
5	725.0	0.0	2.6943643	29.2
5	735.0	0.0	2.6944418	29.2
5	745.0	0.0	2.6944764	29.2
5	755.0	0.0	2.6945543	29.2
5	765.0	0.0	2.694609	29.2
5	775.0	0.0	2.6946664	29.2
5	785.0	0.0	2.6947937	29.2
5	795.0	0.0	2.6948304	29.3
5	805.0	0.0	2.694856	29.2
5	815.0	0.0	2.6949117	29.2
5	825.0	0.0	2.694988	29.2
5	835.0	0.0	2.695027	29.3
5	845.0	0.0	2.6950796	29.3
5	855.0	0.0	2.6951787	29.3
5	865.0	0.0	2.6952016	29.2
5	875.0	0.0	2.6951725	29.4
5	885.0	0.0	2.6952233	29.4
5	895.0	0.0	2.6953416	29.3
5	905.0	0.0	2.6953993	29.3
5	915.0	0.0	2.6954284	29.3
5	925.0	0.0	2.6954615	29.2
5	935.0	0.0	2.695496	29.1
5	945.0	0.0	2.6955407	29.1
5	955.0	0.0	2.6955965	29.1
5	965.0	0.0	2.695557	29.1
5	975.0	0.0	2.695654	29.4
5	985.0	0.0	2.6957	29.4
5	995.0	0.0	2.695681	29.5
5	1005.0	0.0	2.695712	29.3
5	1015.0	0.0	2.6957805	29.3
5	1025.0	0.0	2.6958525	29.2
5	1035.0	0.0	2.6958642	29.2
5	1045.0	0.0	2.695882	29.2
5	1055.0	0.0	2.6959252	29.2
5	1065.0	0.0	2.6959586	29.2
5	1075.0	0.0	2.6960242	29.2
5	1085.0	0.0	2.6960638	29.2
5	1095.0	0.0	2.6960354	29.2
5	1105.0	0.0	2.6960523	29.2
5	1115.0	0.0	2.696121	29.2
5	1125.0	0.0	2.6961186	29.2
5	1135.0	0.0	2.696211	29.2
5	1145.0	0.0	2.6962261	29.2
5	1155.0	0.0	2.6962032	29.2
5	1165.0	0.0	2.696236	29.2
5	1175.0	0.0	2.6962285	29.2
5	1185.0	0.0	2.6962833	29.0
5	1195.0	0.0	2.6962962	29.2
5	1205.0	0.0	2.696313	29.2
5	1215.0	0.0	2.6963534	29.1
5	1225.0	0.0	2.6964383	29.1
5	1235.0	0.0	2.6963842	29.3
5	1245.0	0.0	2.696478	29.1
5	1255.0	0.0	2.696464	29.4
5	1265.0	0.0	2.696515	29.3
5	1275.0	0.0	2.696492	29.1
5	1285.0	0.0	2.6964655	29.4
5	1295.0	0.0	2.6964722	29.1
5	1305.0	0.0	2.696521	29.3
5	1315.0	0.0	2.6965168	29.4
5	1325.0	0.0	2.696541	29.1
5	1335.0	0.0	2.696575	29.2
5	1345.0	0.0	2.6966465	29.2
5	1355.0	0.0	2.6966426	29.3
5	1365.0	0.0	2.6966217	29.3
5	1375.0	0.0	2.6966326	29.4
5	1385.0	0.0	2.696678	29.1
5	1395.0	0.0	2.6967444	29.2
5	1405.0	0.0	2.696755	29.1
5	1415.0	0.0	2.696782	29.1
5	1425.0	0.0	2.6968033	29.1
5	1435.0	0.0	2.6967459	29.2
5	1445.0	0.0	2.6967483	29.2
5	1455.0	0.0	2.6967943	29.2
5	1465.0	0.0	2.6968215	29.2
5	1475.0	0.0	2.6968	29.1
5	1485.0	0.0	2.6968675	29.2
5	1495.0	0.0	2.6968565	29.2
5	1505.0	0.0	2.6969228	29.0
5	1515.0	0.0	2.6968825	29.0
5	1525.0	0.0	2.6968656	29.0
5	1535.0	0.0	2.6969478	29.4
5	1545.0	0.0	2.696917	29.2
5	1555.0	0.0	2.6969233	29.2
5	1565.0	0.0	2.696983	29.2
5	1575.0	0.0	2.696951	29.2
5	1585.0	0.0	2.6969745	29.1
5	1595.0	0.0	2.6970067	29.2
5	1605.0	0.0	2.696997	29.2
5	1615.0	0.0	2.6969962	29.2
5	1625.0	0.0	2.6970007	29.2
5	1635.0	0.0	2.6970515	29.2
5	1645.0	0.0	2.6970575	29.1
5	1655.0	0.0	2.6971092	28.9
5	1665.0	0.0	2.6971214	29.1
5	1675.0	0.0	2.6970441	28.9
5	1685.0	0.0	2.6970842	29.1
5	1695.0	0.0	2.6971085	29.2
5	1705.0	0.0	2.6971653	29.2
5	1715.0	0.0	2.6971786	29.2
5	1725.0	0.0	2.697158	29.1
5	1735.0	0.0	2.6971624	29.1
5	1745.0	0.0	2.6971219	29.1
5	1755.0	0.0	2.6971714	29.1
5	1765.0	0.0	2.697178	29.3
5	1775.0	0.0	2.6972077	29.1
5	1785.0	0.0	2.697214	29.1
5	1795.0	0.0	2.6971974	29.1
5	1805.0	0.0	2.6971955	29.1
5	1815.0	0.0	2.697192	29.1
5	1825.0	0.0	2.6971924	29.3
5	1835.0	0.0	2.6971993	29.1
5	1845.0	0.0	2.697209	29.1
5	1855.0	0.0	2.6972344	29.3
5	1865.0	0.0	2.697236	29.3
5	1875.0	0.0	2.6972587	29.3
5	1885.0	0.0	2.6972399	29.4
5	1895.0	0.0	2.697291	29.2
5	1905.0	0.0	2.6972578	29.2
5	1915.0	0.0	2.6973014	29.1
5	1925.0	0.0	2.69735	29.1
5	1935.0	0.0	2.697304	29.1
5	1945.0	0.0	2.6973288	29.1
5	1955.0	0.0	2.6973257	29.3
5	1965.0	0.0	2.697313	29.2
5	1975.0	0.0	2.6972942	29.3
5	1985.0	0.0	2.6973543	29.2
5	1995.0	0.0	2.697381	29.1
5	2005.0	0.0	2.6973677	29.3
5	2015.0	0.0	2.6973252	29.3
5	2025.0	0.0	2.6973805	29.3
5	2035.0	0.0	2.6973178	29.4
5	2045.0	0.0	2.6973805	29.1
5	2055.0	0.0	2.6973822	29.1
5	2065.0	0.0	2.6973858	29.1
5	2075.0	0.0	2.6973665	29.1
5	2085.0	0.0	2.697358	29.1
5	2095.0	0.0	2.6974168	29.2
5	2105.0	0.0	2.697374	29.2
5	2115.0	0.0	2.6973772	29.4
5	2125.0	0.0	2.6973507	29.2
5	2135.0	0.0	2.6974087	29.1
5	2145.0	0.0	2.697396	29.3
5	2155.0	0.0	2.6974168	29.3
5	2165.0	0.0	2.6973839	29.1
5	2175.0	0.0	2.6974168	29.1
5	2185.0	0.0	2.6974232	29.1
5	2195.0	0.0	2.6974266	29.1
5	2205.0	0.0	2.6974208	29.1
5	2215.0	0.0	2.6974652	29.4
5	2225.0	0.0	2.6974428	29.4
5	2235.0	0.0	2.6974628	29.3
5	2245.0	0.0	2.697492	29.1
5	2255.0	0.0	2.697487	29.2
5	2265.0	0.0	2.6974773	29.4
5	2275.0	0.0	2.6974692	29.3
5	2285.0	0.0	2.6974971	29.3
5	2295.0	0.0	2.6974905	29.3
5	2305.0	0.0	2.6974535	29.3
5	2315.0	0.0	2.6974967	29.4
5	2325.0	0.0	2.6974719	29.2
5	2335.0	0.0	2.6975007	29.1
5	2345.0	0.0	2.6974773	29.2
5	2355.0	0.0	2.6974876	29.1
5	2365.0	0.0	2.697444	29.1
5	2375.0	0.0	2.697514	29.1
5	2385.0	0.0	2.6975152	29.2
5	2395.0	0.0	2.6974976	29.2
5	2405.0	0.0	2.6975286	29.2
5	2415.0	0.0	2.6975687	29.2
5	2425.0	0.0	2.697529	29.2
5	2435.0	0.0	2.697554	29.2
5	2445.0	0.0	2.6974928	29.2
5	2455.0	0.0	2.6975493	29.2
5	2465.0	0.0	2.6975815	29.0
5	2475.0	0.0	2.697584	29.0
5	2485.0	0.0	2.6975524	29.2
5	2495.0	0.0	2.697613	29.2
5	2505.0	0.0	2.697605	29.2
5	2515.0	0.0	2.697571	29.4
5	2525.0	0.0	2.6975482	29.4
5	2535.0	0.0	2.6975758	29.4
5	2545.0	0.0	2.697643	29.2
5	2555.0	0.0	2.697637	29.1
5	2565.0	0.0	2.6976092	29.4
5	2575.0	0.0	2.6975994	29.4
5	2585.0	0.0	2.697591	29.4
5	2595.0	0.0	2.6975741	29.3
5	2605.0	0.0	2.6975904	29.4
5	2615.0	0.0	2.6975994	29.4
5	2625.0	0.0	2.6975589	29.4
5	2635.0	0.0	2.6976147	29.4
5	2645.0	0.0	2.697638	29.4
5	2655.0	0.0	2.6976135	29.4
5	2665.0	0.0	2.6975534	29.2
5	2675.0	0.0	2.6976116	29.2
5	2685.0	0.0	2.6976218	29.4
5	2695.0	0.0	2.6975517	29.4
5	2705.0	0.0	2.6976106	29.4
5	2715.0	0.0	2.6976202	29.2
5	2725.0	0.0	2.697584	29.4
5	2735.0	0.0	2.6976001	29.2
5	2745.0	0.0	2.6976218	29.2
5	2755.0	0.0	2.6976292	29.2
5	2765.0	0.0	2.6976566	29.2
5	2775.0	0.0	2.697654	29.3
5	2785.0	0.0	2.6976576	29.2
5	2795.0	0.0	2.697645	29.2
5	2805.0	0.0	2.697652	29.2
5	2815.0	0.0	2.697642	29.2
5	2825.0	0.0	2.697643	29.2
5	2835.0	0.0	2.6975927	29.2
5	2845.0	0.0	2.6975927	29.2
5	2855.0	0.0	2.6976352	29.2
5	2865.0	0.0	2.697651	29.4
5	2875.0	0.0	2.6976745	29.4
5	2885.0	0.0	2.697652	29.5
5	2895.0	0.0	2.6976328	29.4
5	2905.0	0.0	2.697631	29.4
5	2915.0	0.0	2.6976848	29.4
5	2925.0	0.0	2.6977	29.4
5	2935.0	0.0	2.6976643	29.3
5	2945.0	0.0	2.6976848	29.3
5	2955.0	0.0	2.6976304	29.5
5	2965.0	0.0	2.6976402	29.3
5	2975.0	0.0	2.6976414	29.5
5	2985.0	0.0	2.6977108	29.2
5	2995.0	0.0	2.6976914	29.4
5	3005.0	0.0	2.6976938	29.4
5	3015.0	0.0	2.69768	29.2
5	3025.0	0.0	2.6976502	29.3
5	3035.0	0.0	2.697702	29.3
5	3045.0	0.0	2.6976728	29.5
5	3055.0	0.0	2.697642	29.5
5	3065.0	0.0	2.6976235	29.5
5	3075.0	0.0	2.697614	29.3
5	3085.0	0.0	2.6977181	29.2
5	3095.0	0.0	2.6976545	29.3
5	3105.0	0.0	2.6976347	29.3
5	3115.0	0.0	2.6976962	29.3
5	3125.0	0.0	2.697676	29.3
5	3135.0	0.0	2.6976929	29.2
5	3145.0	0.0	2.697705	29.2
5	3155.0	0.0	2.69763	29.4
5	3165.0	0.0	2.697638	29.2
5	3175.0	0.0	2.6976607	29.3
5	3185.0	0.0	2.697651	29.3
5	3195.0	0.0	2.6977417	29.3
5	3205.0	0.0	2.6977453	29.2
5	3215.0	0.0	2.6976812	29.3
5	3225.0	0.0	2.6976783	29.3
5	3235.0	0.0	2.6976712	29.2
5	3245.0	0.0	2.697697	29.4
5	3255.0	0.0	2.697723	29.4
5	3265.0	0.0	2.6977272	29.2
5	3275.0	0.0	2.6977322	29.3
5	3285.0	0.0	2.6976728	29.3
5	3295.0	0.0	2.6976516	29.3
5	3305.0	0.0	2.6976862	29.3
5	3315.0	0.0	2.6976848	29.3
5	3325.0	0.0	2.6976874	29.5
5	3335.0	0.0	2.6976953	29.4
5	3345.0	0.0	2.697715	29.4
5	3355.0	0.0	2.6977487	29.1
5	3365.0	0.0	2.6976957	29.3
5	3375.0	0.0	2.6977248	29.1
5	3385.0	0.0	2.6977267	29.3
5	3395.0	0.0	2.6977365	29.4
5	3405.0	0.0	2.697708	29.4
5	3415.0	0.0	2.6977358	29.4
5	3425.0	0.0	2.6976807	29.4
5	3435.0	0.0	2.6977074	29.4
5	3445.0	0.0	2.6976566	29.3
5	3455.0	0.0	2.6976824	29.3
5	3465.0	0.0	2.6977103	29.3
5	3475.0	0.0	2.697689	29.3
5	3485.0	0.0	2.6976905	29.4
5	3495.0	0.0	2.697697	29.4
5	3505.0	0.0	2.6977272	29.4
5	3515.0	0.0	2.6977534	29.4
5	3525.0	0.0	2.697706	29.3
5	3535.0	0.0	2.6977327	29.3
5	3545.0	0.0	2.6977243	29.3
5	3555.0	0.0	2.697752	29.4
5	3565.0	0.0	2.6977854	29.3
5	3575.0	0.0	2.697709	29.3
5	3585.0	0.0	2.697794	29.3
5	3595.0	0.0	2.697751	29.2
5	3605.0	0.0	2.6977599	29.2
5	3615.0	0.0	2.697659	29.5
5	3625.0	0.0	2.6976874	29.3
5	3635.0	0.0	2.6976764	29.1
5	3645.0	0.0	2.6976526	29.3
5	3655.0	0.0	2.6976945	29.4
5	3665.0	0.0	2.6976788	29.2
5	3675.0	0.0	2.6976933	29.4
5	3685.0	0.0	2.6977503	29.4
5	3695.0	0.0	2.6977801	29.4
5	3705.0	0.0	2.6977859	29.1
5	3715.0	0.0	2.6977417	29.1
5	3725.0	0.0	2.6977987	29.3
5	3735.0	0.0	2.6977127	29.1
5	3745.0	0.0	2.6977322	29.4
5	3755.0	0.0	2.6977327	29.3
5	3765.0	0.0	2.6977212	29.4
5	3775.0	0.0	2.697737	29.3
5	3785.0	0.0	2.6977777	29.3
5	3795.0	0.0	2.697766	29.3
5	3805.0	0.0	2.6977587	29.3
5	3815.0	0.0	2.6977487	29.2
5	3825.0	0.0	2.6977642	29.3
5	3835.0	0.0	2.6977012	29.3
5	3845.0	0.0	2.6977558	29.3
5	3855.0	0.0	2.6977487	29.2
5	3865.0	0.0	2.697734	29.4
5	3875.0	0.0	2.6977422	29.5
5	3885.0	0.0	2.697751	29.6
5	3895.0	0.0	2.6977468	29.4
5	3905.0	0.0	2.6977777	29.4
5	3915.0	0.0	2.6977906	29.3
5	3925.0	0.0	2.6977558	29.5
5	3935.0	0.0	2.6977913	29.3
5	3945.0	0.0	2.6977115	29.3
5	3955.0	0.0	2.6977189	29.3
5	3965.0	0.0	2.6977103	29.3
5	3975.0	0.0	2.6977637	29.4
5	3985.0	0.0	2.6977708	29.4
5	3995.0	0.0	2.6977587	29.3
5	4005.0	0.0	2.6977744	29.3
5	4015.0	0.0	2.697769	29.4
5	4025.0	0.0	2.6978	29.3
5	4035.0	0.0	2.6977737	29.4
5	4045.0	0.0	2.6977818	29.4
5	4055.0	0.0	2.6977923	29.3
5	4065.0	0.0	2.6977987	29.3
5	4075.0	0.0	2.69772	29.4
5	4085.0	0.0	2.6977708	29.4
5	4095.0	0.0	2.697754	29.2
5	4105.0	0.0	2.6977642	29.4
5	4115.0	0.0	2.6977777	29.4
5	4125.0	0.0	2.6977873	29.4
5	4135.0	0.0	2.6977189	29.3
5	4145.0	0.0	2.6977189	29.5
5	4155.0	0.0	2.6977103	29.3
5	4165.0	0.0	2.697772	29.3
5	4175.0	0.0	2.6977782	29.4
5	4185.0	0.0	2.6978042	29.4
5	4195.0	0.0	2.6977496	29.4
5	4205.0	0.0	2.69773	29.4
5	4215.0	0.0	2.6977582	29.5
5	4225.0	0.0	2.6977172	29.5
5	4235.0	0.0	2.6977177	29.3
5	4245.0	0.0	2.6977394	29.2
5	4255.0	0.0	2.697683	29.2
5	4265.0	0.0	2.6977527	29.2
5	4275.0	0.0	2.6977575	29.2
5	4285.0	0.0	2.6977165	29.4
5	4295.0	0.0	2.6977751	29.4
5	4305.0	0.0	2.6976886	29.4
5	4315.0	0.0	2.697769	29.4
5	4325.0	0.0	2.6977952	29.4
5	4335.0	0.0	2.6977243	29.4
5	4345.0	0.0	2.6977515	29.4
5	4355.0	0.0	2.697729	29.4
5	4365.0	0.0	2.697726	29.4
5	4375.0	0.0	2.6977487	29.4
5	4385.0	0.0	2.6977496	29.4
5	4395.0	0.0	2.697768	29.4
5	4405.0	0.0	2.697743	29.6
5	4415.0	0.0	2.697734	29.5
5	4425.0	0.0	2.6977122	29.6
5	4435.0	0.0	2.697705	29.6
5	4445.0	0.0	2.6977267	29.6
5	4455.0	0.0	2.6977	29.3
5	4465.0	0.0	2.697739	29.3
5	4475.0	0.0	2.6977606	29.5
5	4485.0	0.0	2.6977155	29.4
5	4495.0	0.0	2.6977036	29.4
5	4505.0	0.0	2.6977098	29.4
5	4515.0	0.0	2.6977084	29.4
5	4525.0	0.0	2.6977398	29.4
5	4535.0	0.0	2.697705	29.4
5	4545.0	0.0	2.6977165	29.4
5	4555.0	0.0	2.6977139	29.4
5	4565.0	0.0	2.6977649	29.6
5	4575.0	0.0	2.6977417	29.4
5	4585.0	0.0	2.6977139	29.4
5	4595.0	0.0	2.6977398	29.4
5	4605.0	0.0	2.6977398	29.5
5	4615.0	0.0	2.6977496	29.5
5	4625.0	0.0	2.6977794	29.4
5	4635.0	0.0	2.6978164	29.4
5	4645.0	0.0	2.6977491	29.7
5	4655.0	0.0	2.6977098	29.5
5	4665.0	0.0	2.6977284	29.5
5	4675.0	0.0	2.6977146	29.5
5	4685.0	0.0	2.697769	29.6
5	4695.0	0.0	2.697814	29.7
5	4705.0	0.0	2.6977842	29.5
5	4715.0	0.0	2.6977043	29.7
5	4725.0	0.0	2.6977212	29.5
5	4735.0	0.0	2.697739	29.5
5	4745.0	0.0	2.6977649	29.5
5	4755.0	0.0	2.697748	29.5
5	4765.0	0.0	2.6977406	29.3
5	4775.0	0.0	2.6977897	29.3
5	4785.0	0.0	2.6977172	29.4
5	4795.0	0.0	2.6977413	29.5
5	4805.0	0.0	2.6977189	29.5
5	4815.0	0.0	2.6978173	29.5
5	4825.0	0.0	2.6977398	29.3
5	4835.0	0.0	2.6977932	29.3
5	4845.0	0.0	2.6977103	29.5
5	4855.0	0.0	2.6977317	29.2
5	4865.0	0.0	2.697729	29.3
5	4875.0	0.0	2.6977277	29.4
5	4885.0	0.0	2.6977599	29.5
5	4895.0	0.0	2.6977975	29.5
5	4905.0	0.0	2.6977599	29.5
5	4915.0	0.0	2.6977818	29.3
5	4925.0	0.0	2.6977696	29.5
5	4935.0	0.0	2.6978145	29.6
5	4945.0	0.0	2.6977732	29.3
5	4955.0	0.0	2.6977737	29.5
5	4965.0	0.0	2.6977563	29.4
5	4975.0	0.0	2.6977422	29.5
5	4985.0	0.0	2.6977544	29.5
5	4995.0	0.0	2.697723	29.6
5	5005.0	0.0	2.6977417	29.5
5	5015.0	0.0	2.697722	29.5
5	5025.0	0.0	2.6977098	29.6
5	5035.0	0.0	2.697776	29.6
5	5045.0	0.0	2.6977708	29.6
5	5055.0	0.0	2.6977704	29.5
5	5065.0	0.0	2.6977782	29.5
5	5075.0	0.0	2.6977744	29.3
5	5085.0	0.0	2.6977446	29.5
5	5095.0	0.0	2.6977267	29.3
5	5105.0	0.0	2.6977756	29.5
5	5115.0	0.0	2.697751	29.3
5	5125.0	0.0	2.6976953	29.5
5	5135.0	0.0	2.697739	29.5
5	5145.0	0.0	2.6977491	29.5
5	5155.0	0.0	2.6977787	29.5
5	5165.0	0.0	2.6977751	29.5
5	5175.0	0.0	2.6977787	29.4
5	5185.0	0.0	2.6977534	29.5
5	5195.0	0.0	2.6976745	29.5
5	5205.0	0.0	2.697734	29.5
5	5215.0	0.0	2.6977406	29.5
5	5225.0	0.0	2.6977358	29.5
5	5235.0	0.0	2.697729	29.3
5	5245.0	0.0	2.6977906	29.3
5	5255.0	0.0	2.6977472	29.3
5	5265.0	0.0	2.6977854	29.3
5	5275.0	0.0	2.697708	29.5
5	5285.0	0.0	2.6977243	29.5
5	5295.0	0.0	2.6977181	29.5
5	5305.0	0.0	2.697735	29.4
5	5315.0	0.0	2.6977406	29.5
5	5325.0	0.0	2.697789	29.3
5	5335.0	0.0	2.697761	29.3
5	5345.0	0.0	2.697754	29.3
5	5355.0	0.0	2.697769	29.3
5	5365.0	0.0	2.6977253	29.3
5	5375.0	0.0	2.6976905	29.3
5	5385.0	0.0	2.6977806	29.5
5	5395.0	0.0	2.697777	29.4
5	5405.0	0.0	2.6977713	29.5
5	5415.0	0.0	2.6977806	29.5
5	5425.0	0.0	2.697772	29.3
5	5435.0	0.0	2.697734	29.3
5	5445.0	0.0	2.697735	29.2
5	5455.0	0.0	2.6976857	29.4
5	5465.0	0.0	2.6977496	29.5
5	5475.0	0.0	2.697794	29.4
5	5485.0	0.0	2.6977253	29.2
5	5495.0	0.0	2.6978085	29.4
5	5505.0	0.0	2.697722	29.4
5	5515.0	0.0	2.6977882	29.2
5	5525.0	0.0	2.6977708	29.2
5	5535.0	0.0	2.6978173	29.2
5	5545.0	0.0	2.6978018	29.4
5	5555.0	0.0	2.697772	29.5
5	5565.0	0.0	2.6977575	29.5
5	5575.0	0.0	2.697776	29.4
5	5585.0	0.0	2.6977777	29.5
5	5595.0	0.0	2.6977043	29.5
5	5605.0	0.0	2.6977346	29.4
5	5615.0	0.0	2.6977127	29.4
5	5625.0	0.0	2.697801	29.4
5	5635.0	0.0	2.6977365	29.4
5	5645.0	0.0	2.6977882	29.2
5	5655.0	0.0	2.6977842	29.4
5	5665.0	0.0	2.6977236	29.4
5	5675.0	0.0	2.6977656	29.5
5	5685.0	0.0	2.697801	29.4
5	5695.0	0.0	2.6977544	29.5
5	5705.0	0.0	2.6977649	29.5
5	5715.0	0.0	2.6977236	29.3
5	5725.0	0.0	2.6977224	29.4
5	5735.0	0.0	2.6977413	29.4
5	5745.0	0.0	2.697746	29.4
5	5755.0	0.0	2.697794	29.6
5	5765.0	0.0	2.6977248	29.4
5	5775.0	0.0	2.6977394	29.5
5	5785.0	0.0	2.697739	29.3
5	5795.0	0.0	2.6977277	29.3
5	5805.0	0.0	2.6976807	29.3
5	5815.0	0.0	2.6977098	29.5
5	5825.0	0.0	2.697684	29.5
5	5835.0	0.0	2.697726	29.5
5	5845.0	0.0	2.697814	29.5
5	5855.0	0.0	2.6977582	29.3
5	5865.0	0.0	2.6977487	29.3
5	5875.0	0.0	2.6977236	29.3
5	5885.0	0.0	2.6977212	29.3
5	5895.0	0.0	2.6977243	29.3
5	5905.0	0.0	2.6977422	29.4
5	5915.0	0.0	2.6977618	29.4
5	5925.0	0.0	2.6977496	29.5
5	5935.0	0.0	2.697755	29.4
5	5945.0	0.0	2.6977744	29.4
5	5955.0	0.0	2.6977787	29.3
5	5965.0	0.0	2.6977952	29.4
5	5975.0	0.0	2.6977413	29.5
5	5985.0	0.0	2.6977	29.5
5	5995.0	0.0	2.6977155	29.5
5	6005.0	0.0	2.697768	29.4
5	6015.0	0.0	2.6977587	29.2
5	6025.0	0.0	2.6977599	29.4
5	6035.0	0.0	2.6977587	29.3
5	6045.0	0.0	2.6977618	29.3
5	6055.0	0.0	2.6977515	29.3
5	6065.0	0.0	2.6977842	29.3
5	6075.0	0.0	2.6977704	29.5
5	6085.0	0.0	2.6977375	29.7
5	6095.0	0.0	2.6977036	29.5
5	6105.0	0.0	2.6977177	29.6
5	6115.0	0.0	2.697726	29.5
5	6125.0	0.0	2.6977913	29.5
5	6135.0	0.0	2.6977358	29.5
5	6145.0	0.0	2.6977406	29.5
5	6155.0	0.0	2.6977398	29.6
5	6165.0	0.0	2.697785	29.6
5	6175.0	0.0	2.6977544	29.7
5	6185.0	0.0	2.6977036	29.5
5	6195.0	0.0	2.6976857	29.5
5	6205.0	0.0	2.6977642	29.7
5	6215.0	0.0	2.6977365	29.4
5	6225.0	0.0	2.6977618	29.4
5	6235.0	0.0	2.697769	29.3
5	6245.0	0.0	2.6977665	29.6
5	6255.0	0.0	2.697706	29.4
5	6265.0	0.0	2.6977327	29.6
5	6275.0	0.0	2.6977446	29.5
5	6285.0	0.0	2.6977334	29.5
5	6295.0	0.0	2.6977487	29.5
5	6305.0	0.0	2.6977704	29.4
5	6315.0	0.0	2.697766	29.6
5	6325.0	0.0	2.6977196	29.6
5	6335.0	0.0	2.6976807	29.6
5	6345.0	0.0	2.697789	29.4
5	6355.0	0.0	2.697752	29.4
5	6365.0	0.0	2.6977568	29.4
5	6375.0	0.0	2.6977656	29.6
5	6385.0	0.0	2.6977558	29.4
5	6395.0	0.0	2.697746	29.7
5	6405.0	0.0	2.6977334	29.7
5	6415.0	0.0	2.6976962	29.5
5	6425.0	0.0	2.697715	29.7
5	6435.0	0.0	2.6977365	29.7
5	6445.0	0.0	2.6977253	29.6
5	6455.0	0.0	2.697755	29.7
5	6465.0	0.0	2.6977673	29.7
5	6475.0	0.0	2.697684	29.6
5	6485.0	0.0	2.6977322	29.4
5	6495.0	0.0	2.6976957	29.5
5	6505.0	0.0	2.6977165	29.5
5	6515.0	0.0	2.697737	29.5
5	6525.0	0.0	2.6977673	29.5
5	6535.0	0.0	2.6977842	29.5
5	6545.0	0.0	2.6977515	29.4
5	6555.0	0.0	2.6977527	29.4
5	6565.0	0.0	2.6977592	29.5
5	6575.0	0.0	2.6977055	29.5
5	6585.0	0.0	2.69768	29.6
5	6595.0	0.0	2.6977243	29.7
5	6605.0	0.0	2.6976764	29.6
5	6615.0	0.0	2.6977928	29.3
5	6625.0	0.0	2.6977413	29.6
5	6635.0	0.0	2.697748	29.6
5	6645.0	0.0	2.697769	29.6
5	6655.0	0.0	2.6977	29.6
5	6665.0	0.0	2.6977327	29.6
5	6675.0	0.0	2.6976922	29.4
5	6685.0	0.0	2.6976933	29.5
5	6695.0	0.0	2.6977007	29.5
5	6705.0	0.0	2.6977253	29.5
5	6715.0	0.0	2.6976807	29.5
5	6725.0	0.0	2.697705	29.7
5	6735.0	0.0	2.6977684	29.7
5	6745.0	0.0	2.6977382	29.6
5	6755.0	0.0	2.6977437	29.6
5	6765.0	0.0	2.697705	29.4
5	6775.0	0.0	2.6976666	29.6
5	6785.0	0.0	2.6977453	29.4
5	6795.0	0.0	2.697726	29.5
5	6805.0	0.0	2.697688	29.6
5	6815.0	0.0	2.6976976	29.6
5	6825.0	0.0	2.6977243	29.6
5	6835.0	0.0	2.697684	29.7
5	6845.0	0.0	2.6977253	29.6
5	6855.0	0.0	2.6977496	29.7
5	6865.0	0.0	2.697698	29.6
5	6875.0	0.0	2.697702	29.7
5	6885.0	0.0	2.6976886	29.4
5	6895.0	0.0	2.6977398	29.7
5	6905.0	0.0	2.6977453	29.5
5	6915.0	0.0	2.6977277	29.6
5	6925.0	0.0	2.6976957	29.7
5	6935.0	0.0	2.6977422	29.7
5	6945.0	0.0	2.6977649	29.7
5	6955.0	0.0	2.697737	29.7
5	6965.0	0.0	2.6976619	29.7
5	6975.0	0.0	2.6977189	29.7
5	6985.0	0.0	2.6977084	29.5
5	6995.0	0.0	2.6977031	29.8
5	7005.0	0.0	2.6976953	29.6
5	7015.0	0.0	2.6977067	29.5
5	7025.0	0.0	2.6977196	29.6
5	7035.0	0.0	2.6977115	29.5
5	7045.0	0.0	2.6976736	29.7
5	7055.0	0.0	2.6976824	29.7
5	7065.0	0.0	2.6976717	29.6
5	7075.0	0.0	2.6976695	29.4
5	7085.0	0.0	2.6977127	29.6
5	7095.0	0.0	2.6977744	29.5
5	7105.0	0.0	2.6977036	29.4
5	7115.0	0.0	2.6976783	29.4
5	7125.0	0.0	2.697683	29.6
5	7135.0	0.0	2.6976914	29.4
5	7145.0	0.0	2.6977296	29.6
5	7155.0	0.0	2.6977074	29.6
5	7165.0	0.0	2.697729	29.7
5	7175.0	0.0	2.6976905	29.7
5	7185.0	0.0	2.697708	29.8
5	7195.0	0.0	2.697708	29.7
5	7205.0	0.0	2.6977043	29.7
5	7215.0	0.0	2.6976516	29.5
5	7225.0	0.0	2.697683	29.5
5	7235.0	0.0	2.6976745	29.7
5	7245.0	0.0	2.6976945	29.7
5	7255.0	0.0	2.6977398	29.8
5	7265.0	0.0	2.6977031	29.5
5	7275.0	0.0	2.6977189	29.6
5	7285.0	0.0	2.6976793	29.6
5	7295.0	0.0	2.697697	29.6
5	7305.0	0.0	2.697708	29.6
5	7315.0	0.0	2.697708	29.7
5	7325.0	0.0	2.6977656	29.7
5	7335.0	0.0	2.69772	29.7
5	7345.0	0.0	2.6976914	29.7
5	7355.0	0.0	2.6976461	29.7
5	7365.0	0.0	2.6977181	29.7
5	7375.0	0.0	2.697691	29.6
5	7385.0	0.0	2.697669	29.7
5	7395.0	0.0	2.6977	29.5
5	7405.0	0.0	2.6976857	29.5
5	7415.0	0.0	2.6977181	29.7
5	7425.0	0.0	2.6976647	29.7
5	7435.0	0.0	2.6976905	29.7
5	7445.0	0.0	2.6977599	29.7
5	7455.0	0.0	2.6976862	29.7
5	7465.0	0.0	2.6977115	29.7
5	7475.0	0.0	2.6977012	29.7
5	7485.0	0.0	2.6977165	29.7
5	7495.0	0.0	2.6977074	29.7
5	7505.0	0.0	2.6977084	29.7
5	7515.0	0.0	2.69768	29.6
5	7525.0	0.0	2.6976497	29.8
5	7535.0	0.0	2.697652	29.7
5	7545.0	0.0	2.6976655	29.7
5	7555.0	0.0	2.6976886	29.6
5	7565.0	0.0	2.6976807	29.7
5	7575.0	0.0	2.6977	29.7
5	7585.0	0.0	2.69766	29.7
5	7595.0	0.0	2.697669	29.7
5	7605.0	0.0	2.6976986	29.7
5	7615.0	0.0	2.6976836	29.7
5	7625.0	0.0	2.6977165	29.7
5	7635.0	0.0	2.6976836	29.7
5	7645.0	0.0	2.6976717	29.9
5	7655.0	0.0	2.697684	29.8
5	7665.0	0.0	2.6977406	29.8
5	7675.0	0.0	2.6976807	29.7
5	7685.0	0.0	2.697708	29.9
5	7695.0	0.0	2.6976788	29.7
5	7705.0	0.0	2.6976595	29.7
5	7715.0	0.0	2.6976647	29.7
5	7725.0	0.0	2.6977196	29.5
5	7735.0	0.0	2.6976993	29.5
5	7745.0	0.0	2.6976929	29.7
5	7755.0	0.0	2.6977103	29.7
5	7765.0	0.0	2.6977103	29.7
5	7775.0	0.0	2.6977122	29.7
5	7785.0	0.0	2.697734	29.7
5	7795.0	0.0	2.6977036	29.7
5	7805.0	0.0	2.6976986	29.7
5	7815.0	0.0	2.6976957	29.7
5	7825.0	0.0	2.6976922	29.7
5	7835.0	0.0	2.6976793	29.6
5	7845.0	0.0	2.6976824	29.7
5	7855.0	0.0	2.6976678	29.5
5	7865.0	0.0	2.6976776	29.8
5	7875.0	0.0	2.6976922	29.8
5	7885.0	0.0	2.6976705	29.8
5	7895.0	0.0	2.6976638	29.8
5	7905.0	0.0	2.697684	29.8
5	7915.0	0.0	2.6976745	30.0
5	7925.0	0.0	2.6977026	29.8
5	7935.0	0.0	2.6977108	29.6
5	7945.0	0.0	2.6976812	29.8
5	7955.0	0.0	2.6976886	29.6
5	7965.0	0.0	2.6977224	29.6
5	7975.0	0.0	2.6976783	29.8
5	7985.0	0.0	2.697677	29.8
5	7995.0	0.0	2.6976848	29.8
5	8005.0	0.0	2.6976662	29.8
5	8015.0	0.0	2.697674	29.8
5	8025.0	0.0	2.6976116	29.8
5	8035.0	0.0	2.697614	29.9
5	8045.0	0.0	2.6976662	29.8
5	8055.0	0.0	2.6976812	29.8
5	8065.0	0.0	2.69768	29.8
5	8075.0	0.0	2.6976614	29.8
5	8085.0	0.0	2.6976407	29.8
5	8095.0	0.0	2.6976848	29.8
5	8105.0	0.0	2.6976655	29.8
5	8115.0	0.0	2.6977103	29.8
5	8125.0	0.0	2.6977122	29.7
5	8135.0	0.0	2.6976576	29.7
5	8145.0	0.0	2.6976836	29.8
5	8155.0	0.0	2.6976469	29.7
5	8165.0	0.0	2.6976492	29.7
5	8175.0	0.0	2.6976728	29.8
5	8185.0	0.0	2.6976986	29.8
5	8195.0	0.0	2.69766	29.8
5	8205.0	0.0	2.6976788	29.8
5	8215.0	0.0	2.6976824	29.9
5	8225.0	0.0	2.6976745	29.9
5	8235.0	0.0	2.6977012	29.7
5	8245.0	0.0	2.6977012	29.7
5	8255.0	0.0	2.697651	29.7
5	8265.0	0.0	2.6976647	29.6
5	8275.0	0.0	2.6976712	29.8
5	8285.0	0.0	2.697654	29.9
5	8295.0	0.0	2.697637	29.8
5	8305.0	0.0	2.697634	29.8
5	8315.0	0.0	2.6976438	29.9
5	8325.0	0.0	2.6976874	29.7
5	8335.0	0.0	2.6976445	30.0
5	8345.0	0.0	2.697611	29.7
5	8355.0	0.0	2.6976275	29.8
5	8365.0	0.0	2.6976426	29.7
5	8375.0	0.0	2.6977031	29.6
5	8385.0	0.0	2.6976764	29.6
5	8395.0	0.0	2.6976407	29.6
5	8405.0	0.0	2.6976752	29.6
5	8415.0	0.0	2.6976662	29.7
5	8425.0	0.0	2.6976671	29.9
5	8435.0	0.0	2.6976469	29.9
5	8445.0	0.0	2.6976647	29.7
5	8455.0	0.0	2.6976712	29.9
5	8465.0	0.0	2.6976614	29.7
5	8475.0	0.0	2.697676	29.7
5	8485.0	0.0	2.697643	29.9
5	8495.0	0.0	2.6976492	29.9
5	8505.0	0.0	2.697652	29.9
5	8515.0	0.0	2.6975844	29.7
5	8525.0	0.0	2.6976154	29.7
5	8535.0	0.0	2.6976202	29.7
5	8545.0	0.0	2.6976502	29.7
5	8555.0	0.0	2.6976886	29.7
5	8565.0	0.0	2.6976993	29.7
5	8575.0	0.0	2.6976624	29.7
5	8585.0	0.0	2.6976752	29.6
5	8595.0	0.0	2.6976182	29.7
5	8605.0	0.0	2.697652	29.6
5	8615.0	0.0	2.697683	29.6
5	8625.0	0.0	2.6976218	29.6
5	8635.0	0.0	2.6976304	29.6
5	8645.0	0.0	2.6976402	29.6
5	8655.0	0.0	2.6976485	29.6
5	8665.0	0.0	2.6976552	29.8
5	8675.0	0.0	2.6976402	29.7
5	8685.0	0.0	2.6976235	29.6
5	8695.0	0.0	2.6976304	29.8
5	8705.0	0.0	2.6976256	29.8
5	8715.0	0.0	2.697605	29.6
5	8725.0	0.0	2.6975873	29.6
5	8735.0	0.0	2.697631	29.6
5	8745.0	0.0	2.6976647	29.6
5	8755.0	0.0	2.6976678	29.8
5	8765.0	0.0	2.6976745	29.8
5	8775.0	0.0	2.697599	29.7
5	8785.0	0.0	2.6976545	29.9
5	8795.0	0.0	2.697674	29.7
5	8805.0	0.0	2.6975985	29.8
5	8815.0	0.0	2.6976595	29.9
5	8825.0	0.0	2.697605	29.7
5	8835.0	0.0	2.6976986	29.9
5	8845.0	0.0	2.697626	29.9
5	8855.0	0.0	2.6976426	29.9
5	8865.0	0.0	2.697631	29.8
5	8875.0	0.0	2.6976478	29.9
5	8885.0	0.0	2.697654	29.8
5	8895.0	0.0	2.6976414	29.6
5	8905.0	0.0	2.697617	29.6
5	8915.0	0.0	2.6976533	29.7
5	8925.0	0.0	2.6976595	29.9
5	8935.0	0.0	2.697634	29.9
5	8945.0	0.0	2.6976492	29.9
5	8955.0	0.0	2.6976717	29.9
5	8965.0	0.0	2.6976235	29.9
5	8975.0	0.0	2.6976235	29.9
5	8985.0	0.0	2.6976256	29.9
5	8995.0	0.0	2.697652	30.0
5	9005.0	0.0	2.6975675	29.9
5	9015.0	0.0	2.6976001	29.9
5	9025.0	0.0	2.6976092	29.7
5	9035.0	0.0	2.6976624	29.7
5	9045.0	0.0	2.697663	29.9
5	9055.0	0.0	2.6976705	29.9
5	9065.0	0.0	2.697591	29.9
5	9075.0	0.0	2.6975977	29.9
5	9085.0	0.0	2.6976106	29.8
5	9095.0	0.0	2.6975589	29.8
5	9105.0	0.0	2.6976147	29.8
5	9115.0	0.0	2.6976407	29.9
5	9125.0	0.0	2.6976397	29.9
5	9135.0	0.0	2.6976364	29.9
5	9145.0	0.0	2.6976323	29.9
5	9155.0	0.0	2.6976638	29.9
5	9165.0	0.0	2.6976333	29.9
5	9175.0	0.0	2.697669	29.6
5	9185.0	0.0	2.6976638	29.9
5	9195.0	0.0	2.6976643	29.9
5	9205.0	0.0	2.6976526	29.9
5	9215.0	0.0	2.6976376	29.9
5	9225.0	0.0	2.6976655	29.9
5	9235.0	0.0	2.6976705	29.9
5	9245.0	0.0	2.6976426	29.9
5	9255.0	0.0	2.6976812	29.9
5	9265.0	0.0	2.6976619	30.0
5	9275.0	0.0	2.6976721	29.9
5	9285.0	0.0	2.6975844	29.9
5	9295.0	0.0	2.6975896	29.9
5	9305.0	0.0	2.697606	30.0
5	9315.0	0.0	2.697575	29.9
5	9325.0	0.0	2.6975758	29.9
5	9335.0	0.0	2.6975796	29.9
5	9345.0	0.0	2.697613	29.9
5	9355.0	0.0	2.6975965	29.9
5	9365.0	0.0	2.697669	29.9
5	9375.0	0.0	2.6976686	29.7
5	9385.0	0.0	2.6976397	29.7
5	9395.0	0.0	2.6975977	29.9
5	9405.0	0.0	2.6975887	29.9
5	9415.0	0.0	2.6976008	29.9
5	9425.0	0.0	2.6975965	29.9
5	9435.0	0.0	2.6976001	29.8
5	9445.0	0.0	2.6976347	30.1
5	9455.0	0.0	2.6976662	29.9
5	9465.0	0.0	2.697628	29.9
5	9475.0	0.0	2.6976438	29.9
5	9485.0	0.0	2.697614	29.9
5	9495.0	0.0	2.6976414	29.9
5	9505.0	0.0	2.6976218	30.0
5	9515.0	0.0	2.6976638	29.8
5	9525.0	0.0	2.6976323	30.0
5	9535.0	0.0	2.6976275	30.0
5	9545.0	0.0	2.6976194	30.0
5	9555.0	0.0	2.697597	30.0
5	9565.0	0.0	2.6976624	29.9
5	9575.0	0.0	2.6976187	29.9
5	9585.0	0.0	2.6976402	29.8
5	9595.0	0.0	2.69766	30.1
5	9605.0	0.0	2.697651	29.9
5	9615.0	0.0	2.6976159	30.0
5	9625.0	0.0	2.6975892	29.9
5	9635.0	0.0	2.697562	30.0
5	9645.0	0.0	2.6975985	29.9
5	9655.0	0.0	2.6975844	29.9
5	9665.0	0.0	2.697568	29.9
5	9675.0	0.0	2.6975553	29.9
5	9685.0	0.0	2.697551	29.9
5	9695.0	0.0	2.6976032	30.1
5	9705.0	0.0	2.697571	29.9
5	9715.0	0.0	2.6975505	29.8
5	9725.0	0.0	2.6975927	29.9
5	9735.0	0.0	2.6975234	29.9
5	9745.0	0.0	2.6975505	30.1
5	9755.0	0.0	2.697596	29.9
5	9765.0	0.0	2.69756	29.9
5	9775.0	0.0	2.6975482	29.9
5	9785.0	0.0	2.6975832	29.9
5	9795.0	0.0	2.6975524	29.9
5	9805.0	0.0	2.697617	29.9
5	9815.0	0.0	2.6975954	30.1
5	9825.0	0.0	2.6975474	29.8
5	9835.0	0.0	2.697565	29.9
5	9845.0	0.0	2.697545	30.1
5	9855.0	0.0	2.697634	29.9
5	9865.0	0.0	2.6975741	29.9
5	9875.0	0.0	2.69758	29.9
5	9885.0	0.0	2.6975572	30.1
5	9895.0	0.0	2.6975825	29.9
5	9905.0	0.0	2.6975663	29.9
5	9915.0	0.0	2.697584	29.9
5	9925.0	0.0	2.6975057	30.1
5	9935.0	0.0	2.697567	30.0
5	9945.0	0.0	2.6975088	30.1
5	9955.0	0.0	2.6975403	30.1
5	9965.0	0.0	2.6975355	30.2
5	9975.0	0.0	2.6976018	30.2
5	9985.0	0.0	2.697614	30.1
5	9995.0	0.0	2.69761	30.2
5	10005.0	0.0	2.6975548	30.2
5	10015.0	0.0	2.697546	30.0
5	10025.0	0.0	2.6975243	30.2
5	10035.0	0.0	2.697514	30.1
5	10045.0	0.0	2.6974802	29.9
5	10055.0	0.0	2.697554	30.0
5	10065.0	0.0	2.697553	30.0
5	10075.0	0.0	2.6975105	30.0
5	10085.0	0.0	2.6975	30.0
5	10095.0	0.0	2.6975443	30.0
5	10105.0	0.0	2.6975238	30.1
5	10115.0	0.0	2.6975152	30.1
5	10125.0	0.0	2.6975267	30.1
5	10135.0	0.0	2.6975815	30.0
5	10145.0	0.0	2.6975703	30.2
5	10155.0	0.0	2.6975467	30.1
5	10165.0	0.0	2.6974947	30.1
5	10175.0	0.0	2.6975646	30.0
5	10185.0	0.0	2.697507	30.0
5	10195.0	0.0	2.6975548	30.0
5	10205.0	0.0	2.6975274	30.0
5	10215.0	0.0	2.6975105	30.0
5	10225.0	0.0	2.6975389	30.0
5	10235.0	0.0	2.697522	30.0
5	10245.0	0.0	2.69756	30.0
5	10255.0	0.0	2.6975703	30.0
5	10265.0	0.0	2.6975257	30.0
5	10275.0	0.0	2.6975954	30.0
5	10285.0	0.0	2.69756	29.9
5	10295.0	0.0	2.6975112	30.0
5	10305.0	0.0	2.6975694	30.0
5	10315.0	0.0	2.6975844	30.0
5	10325.0	0.0	2.697575	30.0
5	10335.0	0.0	2.6975718	30.1
5	10345.0	0.0	2.697608	30.1
5	10355.0	0.0	2.6975825	30.0
5	10365.0	0.0	2.6975675	30.0
5	10375.0	0.0	2.6975613	30.0
5	10385.0	0.0	2.6975663	30.0
5	10395.0	0.0	2.6975389	30.0
5	10405.0	0.0	2.6975384	30.0
5	10415.0	0.0	2.697538	30.0
5	10425.0	0.0	2.6975558	30.0
5	10435.0	0.0	2.697525	30.1
5	10445.0	0.0	2.6975915	29.9
5	10455.0	0.0	2.697522	30.1
5	10465.0	0.0	2.6975384	30.1
5	10475.0	0.0	2.6974802	30.1
5	10485.0	0.0	2.6975033	30.1
5	10495.0	0.0	2.6975214	30.0
5	10505.0	0.0	2.6974754	30.1
5	10515.0	0.0	2.697504	30.1
5	10525.0	0.0	2.6974928	30.1
5	10535.0	0.0	2.6975203	30.0
5	10545.0	0.0	2.697522	30.1
5	10555.0	0.0	2.6975322	30.1
5	10565.0	0.0	2.6975331	30.0
5	10575.0	0.0	2.697499	30.0
5	10585.0	0.0	2.6975396	30.0
5	10595.0	0.0	2.6975698	30.1
5	10605.0	0.0	2.6975322	30.1
5	10615.0	0.0	2.6975613	30.1
5	10625.0	0.0	2.6975663	30.0
5	10635.0	0.0	2.6975403	30.3
5	10645.0	0.0	2.6975281	30.1
5	10655.0	0.0	2.6975336	30.0
5	10665.0	0.0	2.6975281	30.0
5	10675.0	0.0	2.697502	29.9
5	10685.0	0.0	2.6975443	30.0
5	10695.0	0.0	2.6975553	30.0
5	10705.0	0.0	2.697529	30.0
5	10715.0	0.0	2.6975195	30.1
5	10725.0	0.0	2.697545	30.0
5	10735.0	0.0	2.697496	30.1
5	10745.0	0.0	2.6975121	30.1
5	10755.0	0.0	2.6975427	30.1
5	10765.0	0.0	2.6975105	30.1
5	10775.0	0.0	2.6974802	30.3
5	10785.0	0.0	2.69755	30.3
5	10795.0	0.0	2.6975214	30.3
5	10805.0	0.0	2.6975577	30.1
5	10815.0	0.0	2.6975105	30.1
5	10825.0	0.0	2.6975565	30.2
5	10835.0	0.0	2.6975014	30.1
5	10845.0	0.0	2.6974838	30.1
5	10855.0	0.0	2.6974905	30.1
5	10865.0	0.0	2.6975	30.0
5	10875.0	0.0	2.6974614	30.2
5	10885.0	0.0	2.6975431	30.3
5	10895.0	0.0	2.6975372	30.1
5	10905.0	0.0	2.697517	30.2
5	10915.0	0.0	2.6974692	30.2
5	10925.0	0.0	2.6974657	30.3
5	10935.0	0.0	2.6975262	30.0
5	10945.0	0.0	2.697468	30.2
5	10955.0	0.0	2.6975074	30.3
5	10965.0	0.0	2.697488	30.1
5	10975.0	0.0	2.6974947	30.1
5	10985.0	0.0	2.6974735	30.3
5	10995.0	0.0	2.697461	30.1
5	11005.0	0.0	2.6975014	30.0
5	11015.0	0.0	2.697542	30.3
5	11025.0	0.0	2.697519	30.1
